date,temphigh_f,tempavg_f,templow_f,humidityhigh_percent,humidityavg_percent,humiditylow_percent,visibilityhigh_miles,visibilityavg_miles,visibilitylow_miles,windhigh_mph,windavg_mph,windgust_mph,precipitation_inches,fog,rain,snow,thunderstorm
2014-01-01,69.0,54.0,39.0,83.0,68.0,52.0,10.0,10.0,8.0,13.0,4.0,22.0,0.0,0,0,0,0
2014-01-02,55.0,44.0,33.0,83.0,55.0,26.0,10.0,10.0,9.0,21.0,8.0,31.0,0.0,0,0,0,0
2014-01-03,58.0,43.0,28.0,75.0,49.0,22.0,10.0,10.0,10.0,14.0,4.0,21.0,0.0,0,0,0,0
2014-01-04,71.0,57.0,42.0,89.0,68.0,47.0,10.0,10.0,8.0,16.0,7.0,28.0,0.0,0,0,0,0
2014-01-05,59.0,47.0,34.0,87.0,59.0,31.0,10.0,10.0,4.0,21.0,10.0,34.0,0.0,0,0,0,0
2014-01-06,36.0,29.0,22.0,50.0,38.0,26.0,10.0,10.0,10.0,17.0,7.0,27.0,0.0,0,0,0,0
2014-01-07,48.0,35.0,22.0,68.0,43.0,17.0,10.0,10.0,10.0,13.0,5.0,22.0,0.0,0,0,0,0
2014-01-08,53.0,47.0,40.0,93.0,75.0,57.0,10.0,2.0,1.0,12.0,1.0,18.0,0.16,0,1,0,0
2014-01-09,70.0,62.0,53.0,93.0,80.0,66.0,10.0,4.0,0.0,12.0,3.0,19.0,0.0,1,0,0,0
2014-01-10,72.0,65.0,57.0,93.0,81.0,68.0,10.0,8.0,1.0,13.0,6.0,21.0,0.1,0,1,0,0
2014-01-11,75.0,62.0,48.0,93.0,53.0,13.0,10.0,9.0,5.0,12.0,3.0,19.0,0.0,0,0,0,0
2014-01-12,67.0,57.0,46.0,84.0,68.0,52.0,10.0,10.0,10.0,15.0,4.0,24.0,0.01,0,1,0,0
2014-01-13,71.0,57.0,43.0,87.0,51.0,14.0,10.0,9.0,7.0,17.0,7.0,29.0,0.0,0,0,0,0
2014-01-14,76.0,57.0,37.0,70.0,41.0,12.0,10.0,10.0,10.0,16.0,5.0,29.0,0.0,0,0,0,0
2014-01-15,64.0,52.0,40.0,49.0,35.0,21.0,10.0,10.0,10.0,14.0,4.0,21.0,0.0,0,0,0,0
2014-01-16,72.0,56.0,40.0,55.0,38.0,20.0,10.0,10.0,10.0,14.0,4.0,20.0,0.0,0,0,0,0
2014-01-17,64.0,54.0,43.0,45.0,31.0,17.0,10.0,10.0,9.0,14.0,5.0,21.0,0.0,0,0,0,0
2014-01-18,70.0,54.0,37.0,59.0,45.0,31.0,10.0,10.0,10.0,12.0,2.0,19.0,0.0,0,0,0,0
2014-01-19,72.0,59.0,45.0,64.0,39.0,14.0,10.0,10.0,10.0,9.0,3.0,16.0,0.0,0,0,0,0
2014-01-20,82.0,64.0,46.0,71.0,44.0,17.0,10.0,10.0,10.0,16.0,5.0,26.0,0.0,0,0,0,0
2014-01-21,63.0,51.0,38.0,59.0,39.0,19.0,10.0,10.0,10.0,15.0,6.0,25.0,0.0,0,0,0,0
2014-01-22,70.0,54.0,37.0,70.0,45.0,19.0,10.0,10.0,10.0,12.0,4.0,18.0,0.0,0,0,0,0
2014-01-23,56.0,42.0,27.0,78.0,64.0,50.0,10.0,8.0,2.0,20.0,9.0,31.0,0.06,0,1,1,0
2014-01-24,40.0,33.0,26.0,81.0,60.0,39.0,10.0,9.0,3.0,16.0,5.0,24.0,0.05,0,0,0,0
2014-01-25,70.0,48.0,26.0,85.0,53.0,20.0,10.0,10.0,8.0,8.0,1.0,14.0,0.0,0,0,0,0
2014-01-26,76.0,60.0,43.0,76.0,52.0,27.0,10.0,10.0,10.0,12.0,3.0,20.0,0.0,0,0,0,0
2014-01-27,60.0,47.0,34.0,66.0,44.0,21.0,10.0,10.0,10.0,21.0,9.0,32.0,0.02,0,1,0,0
2014-01-28,39.0,33.0,27.0,69.0,48.0,27.0,10.0,10.0,10.0,15.0,6.0,23.0,0.05,0,1,0,0
2014-01-29,49.0,38.0,27.0,63.0,42.0,21.0,10.0,10.0,10.0,15.0,5.0,23.0,0.0,0,0,0,0
2014-01-30,65.0,48.0,31.0,80.0,64.0,48.0,10.0,10.0,10.0,15.0,7.0,27.0,0.0,0,0,0,0
2014-01-31,80.0,68.0,55.0,86.0,64.0,42.0,10.0,10.0,9.0,14.0,9.0,25.0,0.0,0,0,0,0
2014-02-01,76.0,66.0,55.0,81.0,71.0,60.0,10.0,10.0,9.0,14.0,6.0,26.0,0.0,0,1,0,0
2014-02-02,55.0,45.0,35.0,79.0,69.0,59.0,10.0,8.0,4.0,18.0,11.0,29.0,0.02,0,1,0,0
2014-02-03,46.0,40.0,34.0,82.0,74.0,65.0,10.0,6.0,3.0,13.0,6.0,17.0,0.0,0,0,0,0
2014-02-04,64.0,53.0,42.0,89.0,68.0,46.0,10.0,6.0,2.0,10.0,2.0,18.0,0.15,0,1,0,0
2014-02-05,48.0,40.0,31.0,80.0,60.0,39.0,10.0,10.0,10.0,16.0,10.0,24.0,0.0,0,0,0,0
2014-02-06,32.0,29.0,26.0,58.0,54.0,49.0,10.0,10.0,10.0,15.0,8.0,23.0,0.0,0,0,0,0
2014-02-07,38.0,34.0,29.0,78.0,68.0,58.0,10.0,7.0,2.0,8.0,3.0,12.0,0.0,0,0,0,0
2014-02-08,65.0,51.0,37.0,85.0,63.0,40.0,10.0,7.0,3.0,14.0,5.0,21.0,0.0,0,0,0,0
2014-02-09,76.0,59.0,41.0,96.0,70.0,44.0,10.0,5.0,0.0,13.0,4.0,20.0,0.0,1,0,0,0
2014-02-10,60.0,48.0,35.0,82.0,74.0,66.0,10.0,8.0,4.0,15.0,9.0,23.0,0.0,0,1,0,0
2014-02-11,36.0,35.0,33.0,89.0,80.0,70.0,9.0,5.0,1.0,15.0,9.0,23.0,0.1,0,1,0,0
2014-02-12,57.0,45.0,33.0,75.0,57.0,38.0,10.0,9.0,7.0,14.0,5.0,22.0,0.0,0,0,0,0
2014-02-13,69.0,51.0,32.0,85.0,58.0,30.0,10.0,10.0,10.0,10.0,4.0,19.0,0.0,0,0,0,0
2014-02-14,86.0,67.0,47.0,86.0,51.0,15.0,10.0,10.0,8.0,18.0,6.0,30.0,0.0,0,0,0,0
2014-02-15,76.0,59.0,42.0,64.0,43.0,22.0,10.0,10.0,10.0,15.0,5.0,23.0,0.0,0,0,0,0
2014-02-16,76.0,68.0,59.0,90.0,74.0,57.0,10.0,5.0,0.0,13.0,5.0,23.0,0.0,1,0,0,0
2014-02-17,81.0,70.0,58.0,87.0,52.0,17.0,10.0,8.0,2.0,15.0,5.0,23.0,0.0,0,0,0,0
2014-02-18,82.0,69.0,55.0,78.0,55.0,32.0,10.0,10.0,9.0,13.0,4.0,20.0,0.0,0,0,0,0
2014-02-19,82.0,73.0,63.0,93.0,70.0,47.0,10.0,9.0,2.0,15.0,7.0,25.0,0.0,0,0,0,0
2014-02-20,83.0,70.0,57.0,81.0,48.0,15.0,10.0,9.0,7.0,16.0,8.0,28.0,0.0,0,0,0,0
2014-02-21,72.0,57.0,41.0,67.0,43.0,19.0,10.0,10.0,10.0,14.0,5.0,20.0,0.0,0,0,0,0
2014-02-22,77.0,63.0,48.0,73.0,53.0,32.0,10.0,10.0,10.0,14.0,6.0,22.0,0.0,0,0,0,0
2014-02-23,86.0,74.0,62.0,84.0,57.0,29.0,10.0,10.0,7.0,15.0,4.0,24.0,0.0,0,0,0,0
2014-02-24,76.0,66.0,55.0,81.0,65.0,49.0,10.0,9.0,5.0,12.0,4.0,18.0,0.0,0,0,0,0
2014-02-25,71.0,62.0,52.0,93.0,85.0,77.0,10.0,4.0,1.0,12.0,5.0,20.0,0.0,0,1,0,0
2014-02-26,52.0,44.0,36.0,83.0,63.0,43.0,10.0,8.0,2.0,20.0,8.0,29.0,0.11,0,1,0,0
2014-02-27,59.0,45.0,31.0,82.0,56.0,29.0,10.0,10.0,10.0,12.0,3.0,17.0,0.0,0,0,0,0
2014-02-28,80.0,62.0,44.0,83.0,60.0,37.0,10.0,10.0,7.0,13.0,6.0,21.0,0.0,0,0,0,0
2014-03-01,82.0,68.0,53.0,93.0,74.0,54.0,10.0,7.0,0.0,16.0,5.0,27.0,0.0,1,0,0,0
2014-03-02,73.0,51.0,28.0,89.0,79.0,69.0,10.0,8.0,2.0,20.0,10.0,37.0,0.08,0,1,0,0
2014-03-03,47.0,36.0,24.0,75.0,56.0,37.0,10.0,9.0,4.0,18.0,10.0,29.0,0.08,0,1,0,1
2014-03-04,50.0,40.0,30.0,92.0,72.0,52.0,10.0,8.0,2.0,9.0,4.0,13.0,0.17,0,1,0,0
2014-03-05,53.0,46.0,38.0,86.0,76.0,66.0,10.0,7.0,4.0,13.0,3.0,16.0,0.0,0,0,0,0
2014-03-06,65.0,54.0,43.0,89.0,62.0,34.0,10.0,8.0,4.0,13.0,4.0,20.0,0.0,0,0,0,0
2014-03-07,67.0,53.0,39.0,86.0,65.0,44.0,10.0,9.0,5.0,16.0,6.0,22.0,0.0,0,0,0,0
2014-03-08,59.0,52.0,44.0,93.0,88.0,83.0,10.0,3.0,1.0,14.0,4.0,21.0,0.74,0,1,0,1
2014-03-09,58.0,49.0,39.0,86.0,71.0,55.0,10.0,9.0,2.0,15.0,5.0,23.0,0.11,0,1,0,0
2014-03-10,71.0,61.0,50.0,84.0,69.0,53.0,10.0,9.0,4.0,12.0,3.0,17.0,0.01,0,1,0,0
2014-03-11,83.0,70.0,56.0,93.0,66.0,39.0,10.0,9.0,4.0,14.0,5.0,22.0,0.0,0,0,0,0
2014-03-12,70.0,60.0,49.0,56.0,36.0,16.0,10.0,10.0,10.0,24.0,11.0,37.0,0.0,0,0,0,0
2014-03-13,68.0,52.0,37.0,68.0,35.0,21.0,10.0,10.0,10.0,9.0,4.0,18.0,0.0,0,0,0,0
2014-03-14,75.0,62.0,49.0,86.0,68.0,49.0,10.0,10.0,10.0,13.0,5.0,24.0,0.0,0,0,0,0
2014-03-15,74.0,68.0,62.0,93.0,81.0,68.0,10.0,5.0,0.0,12.0,4.0,17.0,0.07,1,1,0,0
2014-03-16,64.0,56.0,48.0,93.0,66.0,39.0,10.0,10.0,10.0,24.0,11.0,36.0,0.0,0,0,0,0
2014-03-17,68.0,55.0,41.0,53.0,36.0,18.0,10.0,10.0,10.0,16.0,6.0,26.0,0.0,0,0,0,0
2014-03-18,83.0,65.0,47.0,73.0,49.0,24.0,10.0,10.0,10.0,18.0,8.0,26.0,0.0,0,0,0,0
2014-03-19,72.0,62.0,51.0,80.0,52.0,24.0,10.0,9.0,6.0,15.0,6.0,26.0,0.0,0,0,0,0
2014-03-20,76.0,59.0,42.0,82.0,52.0,21.0,10.0,10.0,10.0,10.0,2.0,15.0,0.0,0,0,0,0
2014-03-21,80.0,67.0,54.0,93.0,69.0,45.0,10.0,8.0,0.0,17.0,7.0,27.0,0.0,1,0,0,0
2014-03-22,77.0,69.0,61.0,100.0,80.0,60.0,10.0,7.0,1.0,12.0,4.0,17.0,0.0,0,0,0,0
2014-03-23,61.0,54.0,47.0,72.0,62.0,51.0,10.0,10.0,9.0,17.0,9.0,30.0,0.0,0,0,0,0
2014-03-24,66.0,58.0,50.0,72.0,58.0,44.0,10.0,10.0,10.0,10.0,3.0,15.0,0.0,0,0,0,0
2014-03-25,69.0,57.0,44.0,93.0,61.0,28.0,10.0,10.0,7.0,15.0,5.0,22.0,0.0,0,0,0,0
2014-03-26,66.0,60.0,54.0,78.0,57.0,36.0,10.0,10.0,6.0,22.0,10.0,33.0,0.0,0,1,0,0
2014-03-27,82.0,72.0,61.0,100.0,78.0,55.0,10.0,7.0,1.0,16.0,8.0,26.0,0.01,0,1,0,0
2014-03-28,89.0,76.0,63.0,90.0,64.0,37.0,10.0,8.0,2.0,18.0,5.0,27.0,0.0,0,0,0,1
2014-03-29,77.0,64.0,51.0,68.0,43.0,18.0,10.0,10.0,10.0,13.0,5.0,21.0,0.0,0,0,0,0
2014-03-30,79.0,62.0,45.0,83.0,56.0,29.0,10.0,10.0,10.0,20.0,8.0,30.0,0.0,0,0,0,0
2014-03-31,85.0,73.0,60.0,90.0,65.0,40.0,10.0,10.0,10.0,16.0,9.0,27.0,0.0,0,0,0,0
2014-04-01,86.0,76.0,66.0,93.0,71.0,48.0,10.0,8.0,4.0,17.0,8.0,28.0,0.0,0,0,0,0
2014-04-02,82.0,76.0,70.0,97.0,78.0,58.0,10.0,9.0,4.0,16.0,9.0,30.0,0.0,0,1,0,0
2014-04-03,82.0,77.0,71.0,90.0,74.0,58.0,10.0,8.0,5.0,14.0,7.0,25.0,0.0,0,0,0,0
2014-04-04,74.0,64.0,54.0,93.0,58.0,22.0,10.0,10.0,5.0,17.0,8.0,28.0,0.0,0,1,0,0
2014-04-05,65.0,60.0,54.0,60.0,48.0,36.0,10.0,10.0,10.0,10.0,4.0,17.0,0.0,0,0,0,0
2014-04-06,61.0,57.0,52.0,96.0,76.0,55.0,10.0,7.0,2.0,12.0,5.0,19.0,0.2,0,1,0,1
2014-04-07,72.0,62.0,52.0,93.0,69.0,44.0,10.0,9.0,2.0,25.0,3.0,57.0,0.27,0,1,0,1
2014-04-08,77.0,64.0,50.0,96.0,57.0,18.0,10.0,10.0,10.0,22.0,8.0,37.0,0.0,0,0,0,0
2014-04-09,84.0,65.0,45.0,77.0,51.0,24.0,10.0,10.0,10.0,13.0,6.0,22.0,0.0,0,0,0,0
2014-04-10,87.0,72.0,57.0,90.0,59.0,27.0,10.0,10.0,10.0,17.0,10.0,31.0,0.0,0,0,0,0
2014-04-11,85.0,73.0,61.0,90.0,65.0,40.0,10.0,10.0,7.0,16.0,8.0,25.0,0.0,0,0,0,0
2014-04-12,85.0,75.0,65.0,87.0,66.0,44.0,10.0,10.0,9.0,20.0,10.0,30.0,0.0,0,0,0,0
2014-04-13,78.0,73.0,68.0,90.0,79.0,67.0,10.0,9.0,8.0,18.0,7.0,29.0,0.0,0,0,0,0
2014-04-14,73.0,58.0,43.0,90.0,65.0,39.0,10.0,8.0,0.0,22.0,10.0,38.0,1.34,1,1,0,1
2014-04-15,65.0,52.0,39.0,59.0,39.0,19.0,10.0,10.0,10.0,12.0,4.0,17.0,0.0,0,0,0,0
2014-04-16,73.0,57.0,40.0,76.0,56.0,35.0,10.0,10.0,10.0,16.0,7.0,26.0,0.0,0,0,0,0
2014-04-17,67.0,62.0,56.0,97.0,85.0,72.0,10.0,7.0,1.0,10.0,4.0,15.0,0.06,0,1,0,0
2014-04-18,78.0,69.0,59.0,93.0,68.0,43.0,10.0,6.0,2.0,9.0,2.0,16.0,0.01,0,1,0,0
2014-04-19,78.0,66.0,54.0,93.0,68.0,43.0,10.0,9.0,4.0,13.0,5.0,19.0,0.0,0,0,0,0
2014-04-20,75.0,68.0,61.0,97.0,77.0,57.0,10.0,8.0,2.0,12.0,6.0,19.0,0.0,0,0,0,0
2014-04-21,84.0,74.0,64.0,93.0,72.0,51.0,10.0,9.0,2.0,14.0,5.0,25.0,0.01,0,1,0,1
2014-04-22,87.0,75.0,63.0,87.0,61.0,35.0,10.0,10.0,10.0,12.0,3.0,20.0,0.0,0,0,0,0
2014-04-23,87.0,73.0,59.0,90.0,68.0,46.0,10.0,10.0,10.0,17.0,7.0,29.0,0.0,0,0,0,0
2014-04-24,88.0,78.0,67.0,87.0,63.0,38.0,10.0,10.0,9.0,16.0,5.0,26.0,0.0,0,0,0,0
2014-04-25,88.0,76.0,63.0,68.0,51.0,34.0,10.0,10.0,10.0,12.0,6.0,20.0,0.0,0,0,0,0
2014-04-26,86.0,77.0,68.0,90.0,73.0,55.0,10.0,6.0,2.0,16.0,8.0,28.0,0.0,0,1,0,0
2014-04-27,96.0,85.0,73.0,87.0,51.0,15.0,10.0,6.0,3.0,14.0,6.0,24.0,0.0,0,0,0,0
2014-04-28,93.0,80.0,66.0,67.0,39.0,10.0,10.0,10.0,7.0,14.0,4.0,22.0,0.0,0,0,0,0
2014-04-29,84.0,72.0,60.0,60.0,36.0,11.0,10.0,10.0,10.0,17.0,7.0,28.0,0.0,0,0,0,0
2014-04-30,75.0,66.0,57.0,42.0,32.0,21.0,10.0,10.0,10.0,16.0,6.0,28.0,0.0,0,0,0,0
2014-05-01,77.0,65.0,52.0,63.0,39.0,15.0,10.0,10.0,10.0,10.0,3.0,18.0,0.0,0,0,0,0
2014-05-02,83.0,70.0,56.0,51.0,33.0,14.0,10.0,10.0,10.0,9.0,3.0,17.0,0.0,0,0,0,0
2014-05-03,94.0,76.0,58.0,44.0,27.0,10.0,10.0,10.0,10.0,13.0,4.0,20.0,0.0,0,0,0,0
2014-05-04,91.0,76.0,61.0,37.0,27.0,16.0,10.0,10.0,10.0,14.0,7.0,23.0,0.0,0,0,0,0
2014-05-05,92.0,76.0,60.0,90.0,61.0,32.0,10.0,10.0,10.0,16.0,8.0,27.0,0.0,0,0,0,0
2014-05-06,87.0,76.0,65.0,87.0,66.0,45.0,10.0,10.0,10.0,17.0,9.0,29.0,0.0,0,0,0,0
2014-05-07,88.0,79.0,70.0,84.0,65.0,46.0,10.0,10.0,10.0,18.0,9.0,31.0,0.0,0,0,0,0
2014-05-08,84.0,79.0,73.0,84.0,75.0,65.0,10.0,6.0,2.0,17.0,8.0,30.0,0.06,0,1,0,0
2014-05-09,86.0,76.0,66.0,87.0,69.0,50.0,10.0,5.0,1.0,20.0,5.0,39.0,0.0,0,1,0,1
2014-05-10,91.0,76.0,60.0,97.0,71.0,44.0,10.0,10.0,5.0,16.0,6.0,23.0,0.0,0,0,0,0
2014-05-11,93.0,83.0,72.0,84.0,63.0,41.0,10.0,9.0,4.0,18.0,10.0,30.0,0.0,0,0,0,0
2014-05-12,82.0,72.0,62.0,94.0,87.0,79.0,10.0,5.0,0.0,18.0,7.0,26.0,2.45,1,1,0,1
2014-05-13,67.0,61.0,55.0,93.0,73.0,52.0,10.0,8.0,2.0,16.0,8.0,31.0,0.94,0,1,0,1
2014-05-14,76.0,64.0,51.0,93.0,57.0,21.0,10.0,10.0,5.0,17.0,7.0,28.0,0.14,0,1,0,0
2014-05-15,84.0,65.0,46.0,93.0,55.0,17.0,10.0,10.0,10.0,10.0,3.0,17.0,0.0,0,0,0,0
2014-05-16,86.0,74.0,61.0,60.0,40.0,20.0,10.0,10.0,10.0,15.0,7.0,27.0,0.0,0,0,0,0
2014-05-17,86.0,73.0,60.0,84.0,58.0,32.0,10.0,10.0,10.0,17.0,9.0,26.0,0.0,0,0,0,0
2014-05-18,85.0,74.0,62.0,93.0,67.0,40.0,10.0,10.0,8.0,16.0,8.0,24.0,0.0,0,0,0,0
2014-05-19,86.0,76.0,66.0,87.0,65.0,43.0,10.0,10.0,10.0,18.0,10.0,27.0,0.0,0,0,0,0
2014-05-20,89.0,78.0,67.0,84.0,63.0,42.0,10.0,10.0,10.0,14.0,9.0,26.0,0.0,0,0,0,0
2014-05-21,89.0,80.0,70.0,84.0,61.0,38.0,10.0,10.0,10.0,16.0,8.0,27.0,0.0,0,0,0,0
2014-05-22,87.0,79.0,70.0,90.0,70.0,50.0,10.0,10.0,7.0,15.0,7.0,25.0,0.0,0,0,0,0
2014-05-23,84.0,78.0,71.0,84.0,69.0,54.0,10.0,8.0,0.0,14.0,6.0,20.0,0.19,1,1,0,0
2014-05-24,86.0,78.0,70.0,97.0,79.0,61.0,10.0,9.0,7.0,15.0,7.0,23.0,0.0,0,0,0,0
2014-05-25,87.0,80.0,72.0,84.0,66.0,48.0,10.0,10.0,10.0,15.0,6.0,24.0,0.0,0,0,0,1
2014-05-26,75.0,70.0,64.0,93.0,83.0,73.0,10.0,8.0,1.0,17.0,5.0,29.0,1.56,0,1,0,1
2014-05-27,73.0,68.0,63.0,93.0,86.0,79.0,10.0,6.0,0.0,22.0,3.0,31.0,1.75,1,1,0,1
2014-05-28,84.0,76.0,68.0,97.0,74.0,51.0,10.0,7.0,2.0,14.0,4.0,22.0,0.0,0,0,0,0
2014-05-29,89.0,78.0,66.0,93.0,66.0,38.0,10.0,10.0,10.0,9.0,2.0,15.0,0.0,0,0,0,0
2014-05-30,94.0,81.0,68.0,84.0,60.0,36.0,10.0,10.0,10.0,9.0,3.0,17.0,0.0,0,0,0,0
2014-05-31,93.0,82.0,70.0,84.0,63.0,41.0,10.0,10.0,10.0,10.0,3.0,20.0,0.0,0,0,0,0
2014-06-01,88.0,80.0,71.0,93.0,69.0,45.0,10.0,8.0,2.0,14.0,4.0,20.0,0.0,0,0,0,0
2014-06-02,91.0,83.0,74.0,87.0,67.0,47.0,10.0,10.0,8.0,13.0,7.0,22.0,0.0,0,0,0,0
2014-06-03,90.0,83.0,75.0,82.0,67.0,52.0,10.0,10.0,10.0,10.0,6.0,17.0,0.0,0,0,0,0
2014-06-04,91.0,83.0,74.0,87.0,70.0,52.0,10.0,10.0,10.0,12.0,7.0,21.0,0.0,0,0,0,0
2014-06-05,91.0,83.0,74.0,87.0,72.0,56.0,10.0,10.0,10.0,14.0,7.0,22.0,0.0,0,0,0,0
2014-06-06,92.0,83.0,73.0,87.0,70.0,52.0,10.0,10.0,9.0,14.0,7.0,25.0,0.0,0,0,0,0
2014-06-07,92.0,83.0,74.0,93.0,71.0,49.0,10.0,10.0,10.0,14.0,7.0,26.0,0.0,0,0,0,0
2014-06-08,90.0,83.0,76.0,87.0,67.0,46.0,10.0,10.0,5.0,16.0,7.0,27.0,0.0,0,1,0,0
2014-06-09,86.0,77.0,68.0,91.0,78.0,65.0,10.0,8.0,1.0,14.0,4.0,22.0,0.55,0,1,0,1
2014-06-10,92.0,78.0,64.0,97.0,64.0,30.0,10.0,10.0,9.0,13.0,3.0,20.0,0.0,0,0,0,0
2014-06-11,94.0,80.0,66.0,87.0,64.0,41.0,10.0,10.0,10.0,14.0,5.0,21.0,0.0,0,0,0,0
2014-06-12,92.0,80.0,68.0,79.0,68.0,56.0,10.0,9.0,1.0,24.0,8.0,47.0,1.49,0,1,0,1
2014-06-13,89.0,79.0,68.0,95.0,75.0,55.0,10.0,9.2,2.8,15.0,4.0,22.0,0.0,0,0,0,0
2014-06-14,87.0,92.0,73.0,95.0,77.0,59.0,10.0,9.4,4.6,15.0,6.0,22.0,0.0,0,0,0,0
2014-06-15,91.0,83.0,74.0,94.5,74.5,54.0,10.0,9.6,6.4,14.0,9.0,23.0,0.0,0,0,0,0
2014-06-16,92.0,84.0,75.0,94.0,72.0,49.0,10.0,9.8,8.2,12.0,8.0,24.0,0.0,0,0,0,0
2014-06-17,92.0,84.0,75.0,88.0,69.0,49.0,10.0,10.0,10.0,12.0,9.0,22.0,0.0,0,0,0,0
2014-06-18,92.0,85.0,77.0,91.0,68.0,44.0,10.0,9.0,4.0,16.0,9.0,26.0,0.02,0,1,0,0
2014-06-19,91.0,84.0,76.0,88.0,68.0,47.0,10.0,10.0,10.0,13.0,6.0,22.0,0.01,0,0,0,0
2014-06-20,91.0,83.0,75.0,88.0,69.0,50.0,10.0,10.0,9.0,13.0,5.0,19.0,0.0,0,0,0,0
2014-06-21,92.0,84.0,75.0,94.0,72.0,49.0,10.0,10.0,8.0,15.0,6.0,21.0,0.0,0,0,0,0
2014-06-22,90.0,83.0,76.0,85.0,70.0,55.0,10.0,9.0,8.0,13.0,8.0,22.0,0.0,0,0,0,0
2014-06-23,88.0,78.0,68.0,88.0,75.0,61.0,10.0,8.0,1.0,16.0,4.0,26.0,0.27,0,1,0,1
2014-06-24,93.0,84.0,74.0,94.0,72.0,49.0,10.0,9.0,0.0,22.0,4.0,35.0,0.24,1,1,0,1
2014-06-25,89.0,80.0,71.0,94.0,77.0,59.0,10.0,8.0,0.0,16.0,5.0,24.0,0.49,1,1,0,1
2014-06-26,88.0,80.0,71.0,94.0,76.0,57.0,10.0,10.0,6.0,15.0,7.0,24.0,0.01,0,1,0,0
2014-06-27,91.0,83.0,75.0,88.0,69.0,49.0,10.0,10.0,8.0,17.0,8.0,32.0,0.0,0,0,0,0
2014-06-28,93.0,86.0,78.0,85.0,69.0,52.0,10.0,10.0,8.0,16.0,9.0,27.0,0.0,0,0,0,0
2014-06-29,95.0,86.0,77.0,88.0,69.0,49.0,10.0,9.0,7.0,17.0,9.0,27.0,0.0,0,0,0,0
2014-06-30,96.0,87.0,77.0,88.0,64.0,39.0,10.0,9.0,7.0,17.0,8.0,27.0,0.0,0,0,0,0
2014-07-01,96.0,86.0,75.0,88.0,64.0,39.0,10.0,10.0,7.0,15.0,6.0,22.0,0.0,0,0,0,0
2014-07-02,97.0,85.0,73.0,93.0,64.0,35.0,10.0,10.0,6.0,14.0,4.0,18.0,0.0,0,0,0,0
2014-07-03,96.0,84.0,72.0,93.0,62.0,30.0,10.0,10.0,6.0,20.0,3.0,29.0,0.07,0,1,0,1
2014-07-04,93.0,82.0,71.0,93.0,67.0,41.0,10.0,10.0,9.0,16.0,4.0,23.0,0.0,0,0,0,1
2014-07-05,94.0,82.0,69.0,93.0,70.0,46.0,10.0,10.0,5.0,18.0,4.0,30.0,0.0,0,0,0,0
2014-07-06,95.0,84.0,72.0,100.0,72.0,44.0,10.0,8.0,3.0,13.0,5.0,20.0,0.0,0,0,0,0
2014-07-07,96.0,85.0,73.0,87.0,61.0,34.0,10.0,10.0,10.0,13.0,5.0,19.0,0.0,0,0,0,0
2014-07-08,98.0,86.0,74.0,93.0,63.0,33.0,10.0,10.0,10.0,13.0,7.0,21.0,0.0,0,0,0,0
2014-07-09,98.0,85.0,72.0,90.0,59.0,27.0,10.0,10.0,8.0,14.0,6.0,23.0,0.0,0,0,0,0
2014-07-10,96.0,84.0,72.0,93.0,64.0,34.0,10.0,10.0,7.0,14.0,5.0,24.0,0.0,0,0,0,0
2014-07-11,95.0,83.0,71.0,90.0,60.0,30.0,10.0,10.0,10.0,13.0,5.0,22.0,0.0,0,0,0,0
2014-07-12,98.0,85.0,71.0,93.0,59.0,25.0,10.0,9.0,7.0,13.0,4.0,20.0,0.0,0,0,0,0
2014-07-13,100.0,87.0,74.0,93.0,63.0,33.0,10.0,10.0,10.0,13.0,4.0,17.0,0.0,0,0,0,0
2014-07-14,101.0,88.0,75.0,82.0,55.0,28.0,10.0,10.0,10.0,10.0,4.0,16.0,0.0,0,0,0,0
2014-07-15,92.0,83.0,73.0,93.0,71.0,49.0,10.0,10.0,8.0,15.0,3.0,23.0,0.06,0,1,0,1
2014-07-16,95.0,84.0,73.0,93.0,68.0,43.0,10.0,8.0,1.0,15.0,4.0,22.0,0.31,0,1,0,1
2014-07-17,89.0,82.0,74.0,94.0,77.0,59.0,10.0,7.0,0.0,13.0,5.0,19.0,3.53,1,1,0,1
2014-07-18,78.0,75.0,72.0,100.0,87.0,74.0,10.0,7.0,1.0,14.0,3.0,27.0,1.52,0,1,0,1
2014-07-19,86.0,78.0,70.0,90.0,76.0,61.0,10.0,9.0,6.0,8.0,2.0,11.0,0.0,0,0,0,0
2014-07-20,94.0,84.0,74.0,93.0,73.0,52.0,10.0,9.0,7.0,12.0,4.0,18.0,0.0,0,0,0,0
2014-07-21,96.0,87.0,77.0,94.0,70.0,46.0,10.0,9.0,5.0,10.0,6.0,20.0,0.0,0,0,0,0
2014-07-22,96.0,86.0,76.0,94.0,68.0,42.0,10.0,10.0,8.0,8.0,2.0,14.0,0.0,0,0,0,0
2014-07-23,97.0,86.0,75.0,94.0,66.0,38.0,10.0,9.0,6.0,7.0,3.0,14.0,0.0,0,0,0,0
2014-07-24,94.0,84.0,74.0,94.0,70.0,46.0,10.0,8.0,2.0,8.0,3.0,12.0,0.09,0,1,0,0
2014-07-25,96.0,86.0,75.0,87.0,63.0,39.0,10.0,10.0,10.0,12.0,5.0,18.0,0.0,0,0,0,0
2014-07-26,98.0,87.0,76.0,94.0,66.0,38.0,10.0,10.0,8.0,15.0,6.0,25.0,0.0,0,0,0,0
2014-07-27,98.0,87.0,75.0,94.0,64.0,33.0,10.0,10.0,9.0,13.0,6.0,22.0,0.0,0,0,0,0
2014-07-28,99.0,87.0,74.0,93.0,62.0,31.0,10.0,10.0,8.0,9.0,3.0,15.0,0.0,0,0,0,0
2014-07-29,97.0,87.0,76.0,87.0,63.0,38.0,10.0,10.0,10.0,13.0,4.0,23.0,0.0,0,0,0,0
2014-07-30,96.0,86.0,76.0,87.0,60.0,33.0,10.0,10.0,10.0,14.0,6.0,22.0,0.0,0,0,0,0
2014-07-31,97.0,87.0,77.0,85.0,64.0,42.0,10.0,10.0,10.0,13.0,4.0,19.0,0.0,0,0,0,0
2014-08-01,91.0,82.0,73.0,74.0,59.0,44.0,10.0,10.0,10.0,12.0,5.0,18.0,0.0,0,0,0,0
2014-08-02,90.0,79.0,68.0,93.0,70.0,46.0,10.0,10.0,10.0,10.0,3.0,18.0,0.0,0,0,0,0
2014-08-03,94.0,83.0,71.0,84.0,62.0,39.0,10.0,10.0,9.0,13.0,4.0,19.0,0.0,0,0,0,0
2014-08-04,94.0,83.0,72.0,87.0,66.0,44.0,10.0,9.0,7.0,13.0,3.0,20.0,0.0,0,0,0,0
2014-08-05,97.0,85.0,73.0,87.0,61.0,35.0,10.0,10.0,8.0,13.0,3.0,22.0,0.0,0,0,0,0
2014-08-06,99.0,88.0,76.0,94.0,64.0,33.0,10.0,10.0,9.0,13.0,5.0,20.0,0.0,0,0,0,0
2014-08-07,102.0,90.0,77.0,88.0,59.0,29.0,10.0,8.0,5.0,13.0,6.0,25.0,0.0,0,0,0,0
2014-08-08,102.0,89.0,76.0,91.0,60.0,29.0,10.0,10.0,10.0,13.0,6.0,22.0,0.0,0,0,0,0
2014-08-09,100.0,89.0,77.0,88.0,60.0,31.0,10.0,10.0,10.0,13.0,5.0,18.0,0.0,0,0,0,0
2014-08-10,101.0,89.0,77.0,88.0,58.0,27.0,10.0,10.0,10.0,13.0,4.0,19.0,0.0,0,0,0,0
2014-08-11,102.0,89.0,76.0,91.0,62.0,33.0,10.0,10.0,2.0,13.0,3.0,23.0,0.05,0,1,0,1
2014-08-12,100.0,87.0,73.0,94.0,62.0,29.0,10.0,10.0,10.0,12.0,4.0,17.0,0.0,0,0,0,0
2014-08-13,97.0,83.0,69.0,66.0,45.0,24.0,10.0,10.0,10.0,12.0,4.0,20.0,0.0,0,0,0,0
2014-08-14,98.0,84.0,70.0,73.0,50.0,27.0,10.0,10.0,10.0,9.0,4.0,16.0,0.0,0,0,0,0
2014-08-15,101.0,88.0,75.0,88.0,58.0,27.0,10.0,10.0,10.0,13.0,5.0,19.0,0.0,0,0,0,0
2014-08-16,104.0,91.0,77.0,88.0,57.0,25.0,10.0,10.0,10.0,14.0,7.0,24.0,0.0,0,0,0,0
2014-08-17,101.0,90.0,79.0,85.0,56.0,27.0,10.0,10.0,10.0,16.0,6.0,24.0,0.0,0,0,0,0
2014-08-18,102.0,90.0,78.0,85.0,59.0,33.0,10.0,10.0,9.0,15.0,7.0,24.0,0.0,0,0,0,0
2014-08-19,96.0,87.0,77.0,76.0,55.0,34.0,10.0,10.0,9.0,16.0,7.0,25.0,0.0,0,0,0,1
2014-08-20,102.0,90.0,78.0,85.0,57.0,29.0,10.0,10.0,8.0,17.0,8.0,29.0,0.0,0,0,0,0
2014-08-21,103.0,92.0,80.0,85.0,55.0,25.0,10.0,10.0,10.0,17.0,9.0,27.0,0.0,0,0,0,0
2014-08-22,103.0,91.0,79.0,85.0,55.0,25.0,10.0,10.0,10.0,15.0,8.0,23.0,0.0,0,0,0,0
2014-08-23,101.0,88.0,75.0,94.0,62.0,29.0,10.0,10.0,9.0,14.0,6.0,21.0,0.0,0,0,0,0
2014-08-24,101.0,89.0,77.0,88.0,59.0,29.0,10.0,10.0,10.0,13.0,5.0,18.0,0.0,0,0,0,0
2014-08-25,101.0,89.0,76.0,88.0,59.0,29.0,10.0,10.0,10.0,10.0,5.0,15.0,0.0,0,0,0,0
2014-08-26,101.0,89.0,77.0,71.0,52.0,33.0,10.0,10.0,8.0,14.0,4.0,23.0,0.0,0,1,0,1
2014-08-27,98.0,87.0,76.0,87.0,58.0,29.0,10.0,10.0,10.0,10.0,4.0,17.0,0.0,0,0,0,0
2014-08-28,99.0,88.0,76.0,82.0,61.0,40.0,10.0,10.0,10.0,17.0,5.0,26.0,0.0,0,0,0,0
2014-08-29,96.0,87.0,77.0,88.0,64.0,39.0,10.0,10.0,2.0,15.0,5.0,23.0,0.07,0,1,0,1
2014-08-30,95.0,85.0,74.0,94.0,69.0,44.0,10.0,10.0,10.0,13.0,4.0,24.0,0.0,0,0,0,0
2014-08-31,99.0,87.0,74.0,94.0,68.0,42.0,10.0,10.0,10.0,15.0,7.0,26.0,0.0,0,0,0,0
2014-09-01,101.0,90.0,78.0,91.0,62.0,33.0,10.0,10.0,7.0,15.0,8.0,25.0,0.0,0,0,0,0
2014-09-02,98.0,88.0,78.0,91.0,66.0,40.0,10.0,10.0,10.0,17.0,8.0,32.0,0.01,0,0,0,0
2014-09-03,100.0,88.0,76.0,88.0,61.0,33.0,10.0,10.0,10.0,17.0,6.0,26.0,0.0,0,0,0,0
2014-09-04,99.0,86.0,73.0,91.0,65.0,38.0,10.0,8.0,0.0,28.0,5.0,37.0,0.98,1,1,0,1
2014-09-05,97.0,87.0,77.0,91.0,63.0,35.0,10.0,10.0,10.0,13.0,4.0,21.0,0.02,0,1,0,0
2014-09-06,97.0,86.0,74.0,94.0,67.0,39.0,10.0,10.0,2.0,13.0,3.0,20.0,0.19,0,1,0,1
2014-09-07,89.0,82.0,74.0,100.0,78.0,55.0,10.0,8.0,2.0,8.0,3.0,13.0,0.22,0,1,0,1
2014-09-08,96.0,84.0,72.0,100.0,70.0,39.0,10.0,10.0,8.0,12.0,3.0,15.0,0.0,0,0,0,0
2014-09-09,97.0,86.0,74.0,87.0,63.0,38.0,10.0,10.0,10.0,13.0,6.0,20.0,0.0,0,0,0,0
2014-09-10,99.0,88.0,77.0,88.0,63.0,38.0,10.0,10.0,10.0,14.0,7.0,25.0,0.0,0,0,0,0
2014-09-11,99.0,89.0,78.0,85.0,60.0,35.0,10.0,10.0,10.0,10.0,5.0,19.0,0.0,0,0,0,0
2014-09-12,96.0,81.0,66.0,94.0,67.0,39.0,10.0,9.0,1.0,15.0,5.0,24.0,0.51,0,1,0,1
2014-09-13,66.0,63.0,60.0,100.0,92.0,84.0,10.0,5.0,1.0,14.0,5.0,24.0,0.68,0,1,0,0
2014-09-14,77.0,71.0,64.0,100.0,87.0,73.0,10.0,8.0,3.0,7.0,2.0,10.0,0.0,0,0,0,0
2014-09-15,88.0,79.0,69.0,97.0,76.0,55.0,10.0,9.0,6.0,8.0,2.0,13.0,0.0,0,0,0,0
2014-09-16,94.0,84.0,74.0,94.0,70.0,46.0,10.0,10.0,6.0,18.0,3.0,28.0,0.02,0,1,0,1
2014-09-17,91.0,83.0,75.0,94.0,75.0,56.0,10.0,9.0,2.0,14.0,3.0,20.0,0.35,0,1,0,1
2014-09-18,90.0,81.0,72.0,100.0,78.0,56.0,10.0,7.0,0.0,25.0,2.0,33.0,3.66,1,1,0,1
2014-09-19,86.0,80.0,74.0,100.0,85.0,69.0,10.0,8.0,2.0,10.0,3.0,14.0,0.13,0,1,0,0
2014-09-20,90.0,82.0,74.0,100.0,78.0,55.0,10.0,9.0,1.0,9.0,3.0,15.0,0.21,0,1,0,0
2014-09-21,90.0,81.0,72.0,94.0,71.0,47.0,10.0,10.0,10.0,10.0,3.0,15.0,0.0,0,0,0,0
2014-09-22,91.0,81.0,70.0,90.0,69.0,47.0,10.0,10.0,10.0,9.0,4.0,16.0,0.0,0,0,0,0
2014-09-23,85.0,76.0,67.0,74.0,57.0,40.0,10.0,10.0,10.0,8.0,3.0,12.0,0.0,0,0,0,0
2014-09-24,84.0,72.0,60.0,90.0,64.0,37.0,10.0,10.0,10.0,9.0,2.0,16.0,0.0,0,0,0,0
2014-09-25,83.0,73.0,62.0,90.0,74.0,58.0,10.0,10.0,8.0,13.0,3.0,20.0,0.0,0,0,0,0
2014-09-26,85.0,76.0,66.0,87.0,71.0,54.0,10.0,10.0,10.0,10.0,3.0,15.0,0.0,0,0,0,0
2014-09-27,80.0,74.0,68.0,93.0,78.0,62.0,10.0,10.0,8.0,9.0,2.0,14.0,0.0,0,1,0,0
2014-09-28,88.0,77.0,66.0,100.0,72.0,43.0,10.0,8.0,3.0,12.0,3.0,15.0,0.0,0,0,0,0
2014-09-29,89.0,78.0,67.0,93.0,68.0,43.0,10.0,10.0,10.0,8.0,2.0,12.0,0.0,0,0,0,0
2014-09-30,90.0,78.0,65.0,93.0,70.0,47.0,10.0,10.0,10.0,9.0,2.0,14.0,0.0,0,0,0,0
2014-10-01,92.0,84.0,76.0,88.0,68.0,47.0,10.0,10.0,10.0,10.0,5.0,18.0,0.0,0,0,0,0
2014-10-02,92.0,84.0,76.0,91.0,72.0,52.0,10.0,9.0,4.0,14.0,7.0,27.0,0.03,0,1,0,1
2014-10-03,85.0,75.0,65.0,63.0,44.0,25.0,10.0,10.0,10.0,14.0,7.0,22.0,0.0,0,0,0,1
2014-10-04,80.0,70.0,59.0,72.0,51.0,29.0,10.0,10.0,10.0,9.0,4.0,14.0,0.0,0,0,0,0
2014-10-05,87.0,75.0,62.0,93.0,69.0,44.0,10.0,10.0,10.0,14.0,6.0,23.0,0.0,0,0,0,0
2014-10-06,89.0,81.0,72.0,93.0,73.0,53.0,10.0,10.0,10.0,13.0,6.0,20.0,0.0,0,0,0,0
2014-10-07,94.0,83.0,72.0,93.0,67.0,41.0,10.0,9.0,5.0,13.0,5.0,21.0,0.0,0,0,0,0
2014-10-08,90.0,82.0,74.0,93.0,70.0,46.0,10.0,10.0,10.0,15.0,6.0,23.0,0.0,0,0,0,0
2014-10-09,92.0,84.0,75.0,94.0,69.0,44.0,10.0,10.0,9.0,14.0,7.0,22.0,0.0,0,1,0,0
2014-10-10,92.0,84.0,75.0,87.0,66.0,44.0,10.0,10.0,10.0,14.0,7.0,24.0,0.0,0,0,0,0
2014-10-11,78.0,69.0,59.0,97.0,85.0,73.0,10.0,7.0,0.0,14.0,5.0,20.0,1.42,1,1,0,0
2014-10-12,77.0,69.0,61.0,93.0,86.0,78.0,10.0,9.0,7.0,13.0,2.0,24.0,0.01,0,1,0,1
2014-10-13,76.0,69.0,61.0,87.0,63.0,38.0,10.0,10.0,2.0,20.0,10.0,36.0,0.09,0,1,0,1
2014-10-14,80.0,66.0,51.0,77.0,49.0,21.0,10.0,10.0,10.0,14.0,5.0,20.0,0.0,0,0,0,0
2014-10-15,88.0,72.0,56.0,72.0,46.0,20.0,10.0,10.0,10.0,9.0,2.0,16.0,0.0,0,0,0,0
2014-10-16,86.0,72.0,57.0,72.0,50.0,27.0,10.0,10.0,10.0,13.0,4.0,23.0,0.0,0,0,0,0
2014-10-17,87.0,74.0,61.0,97.0,69.0,40.0,10.0,10.0,10.0,13.0,3.0,17.0,0.0,0,0,0,0
2014-10-18,86.0,76.0,66.0,90.0,67.0,44.0,10.0,10.0,5.0,9.0,2.0,12.0,0.0,0,0,0,0
2014-10-19,82.0,74.0,65.0,93.0,74.0,54.0,10.0,10.0,6.0,8.0,2.0,15.0,0.0,0,0,0,0
2014-10-20,82.0,73.0,63.0,100.0,73.0,45.0,10.0,9.0,4.0,8.0,2.0,13.0,0.0,0,0,0,0
2014-10-21,83.0,71.0,58.0,93.0,61.0,28.0,10.0,9.0,6.0,10.0,3.0,16.0,0.0,0,0,0,0
2014-10-22,83.0,72.0,61.0,84.0,67.0,49.0,10.0,10.0,10.0,9.0,2.0,14.0,0.0,0,1,0,0
2014-10-23,83.0,75.0,66.0,81.0,64.0,46.0,10.0,10.0,10.0,8.0,2.0,11.0,0.0,0,1,0,0
2014-10-24,85.0,73.0,60.0,84.0,64.0,44.0,10.0,10.0,10.0,7.0,2.0,9.0,0.0,0,0,0,0
2014-10-25,88.0,75.0,62.0,84.0,62.0,39.0,10.0,10.0,10.0,8.0,2.0,12.0,0.0,0,0,0,0
2014-10-26,86.0,74.0,61.0,90.0,62.0,34.0,10.0,10.0,8.0,12.0,4.0,19.0,0.0,0,0,0,0
2014-10-27,86.0,74.0,62.0,93.0,67.0,40.0,10.0,10.0,10.0,14.0,6.0,23.0,0.0,0,0,0,0
2014-10-28,84.0,75.0,65.0,93.0,74.0,55.0,10.0,10.0,10.0,8.0,2.0,12.0,0.0,0,0,0,0
2014-10-29,81.0,73.0,65.0,81.0,68.0,54.0,10.0,10.0,10.0,10.0,3.0,14.0,0.0,0,0,0,0
2014-10-30,82.0,73.0,63.0,93.0,72.0,51.0,10.0,10.0,9.0,8.0,2.0,10.0,0.0,0,1,0,0
2014-10-31,76.0,66.0,56.0,93.0,60.0,27.0,10.0,9.0,2.0,16.0,7.0,25.0,0.3,0,1,0,0
2014-11-01,68.0,58.0,47.0,71.0,54.0,37.0,10.0,10.0,10.0,9.0,5.0,14.0,0.0,0,0,0,0
2014-11-02,75.0,62.0,48.0,80.0,61.0,41.0,10.0,10.0,10.0,15.0,6.0,25.0,0.0,0,0,0,0
2014-11-03,76.0,68.0,59.0,84.0,72.0,60.0,10.0,10.0,10.0,14.0,6.0,23.0,0.0,0,0,0,0
2014-11-04,75.0,67.0,58.0,100.0,87.0,73.0,10.0,8.0,2.0,17.0,5.0,28.0,0.56,0,1,0,0
2014-11-05,59.0,57.0,55.0,100.0,97.0,93.0,10.0,6.0,2.0,13.0,6.0,20.0,1.51,0,1,0,0
2014-11-06,63.0,59.0,55.0,93.0,75.0,56.0,10.0,10.0,5.0,10.0,4.0,17.0,0.04,0,1,0,0
2014-11-07,71.0,60.0,48.0,80.0,53.0,26.0,10.0,10.0,10.0,7.0,2.0,11.0,0.0,0,0,0,0
2014-11-08,75.0,62.0,48.0,93.0,67.0,41.0,10.0,10.0,10.0,15.0,4.0,25.0,0.0,0,0,0,0
2014-11-09,74.0,61.0,47.0,86.0,59.0,31.0,10.0,10.0,10.0,8.0,3.0,13.0,0.0,0,0,0,0
2014-11-10,76.0,63.0,49.0,93.0,70.0,46.0,10.0,10.0,10.0,17.0,6.0,31.0,0.0,0,0,0,0
2014-11-11,65.0,54.0,42.0,93.0,67.0,40.0,10.0,10.0,9.0,17.0,7.0,32.0,0.0,0,0,0,0
2014-11-12,51.0,44.0,36.0,64.0,50.0,36.0,10.0,10.0,10.0,16.0,9.0,27.0,0.0,0,0,0,0
2014-11-13,41.0,36.0,31.0,58.0,43.0,27.0,10.0,10.0,10.0,17.0,8.0,28.0,0.0,0,0,0,0
2014-11-14,45.0,38.0,30.0,58.0,44.0,30.0,10.0,10.0,10.0,8.0,3.0,11.0,0.0,0,0,0,0
2014-11-15,48.0,44.0,40.0,100.0,72.0,43.0,10.0,5.0,1.0,10.0,4.0,15.0,0.02,0,1,0,0
2014-11-16,50.0,42.0,34.0,100.0,91.0,82.0,10.0,4.0,0.0,17.0,6.0,28.0,0.01,1,1,0,0
2014-11-17,53.0,42.0,30.0,82.0,52.0,22.0,10.0,10.0,10.0,16.0,6.0,26.0,0.0,0,0,0,0
2014-11-18,56.0,43.0,30.0,78.0,51.0,24.0,10.0,10.0,3.0,10.0,2.0,15.0,0.0,0,0,0,0
2014-11-19,69.0,51.0,33.0,86.0,64.0,42.0,10.0,10.0,10.0,13.0,3.0,22.0,0.0,0,0,0,0
2014-11-20,70.0,57.0,44.0,100.0,85.0,70.0,10.0,8.0,0.0,12.0,3.0,16.0,0.01,1,1,0,0
2014-11-21,74.0,68.0,62.0,100.0,90.0,79.0,10.0,6.0,0.0,13.0,5.0,20.0,0.33,1,1,0,0
2014-11-22,67.0,63.0,58.0,100.0,97.0,93.0,10.0,6.0,0.0,20.0,7.0,28.0,3.33,1,1,0,1
2014-11-23,81.0,67.0,53.0,100.0,62.0,23.0,10.0,10.0,10.0,16.0,5.0,27.0,0.0,0,0,0,0
2014-11-24,66.0,53.0,40.0,76.0,47.0,18.0,10.0,10.0,10.0,15.0,5.0,28.0,0.0,0,0,0,0
2014-11-25,67.0,53.0,38.0,85.0,53.0,20.0,10.0,10.0,10.0,9.0,3.0,16.0,0.0,0,0,0,0
2014-11-26,77.0,60.0,42.0,62.0,40.0,18.0,10.0,10.0,10.0,10.0,3.0,17.0,0.0,0,0,0,0
2014-11-27,64.0,53.0,42.0,76.0,52.0,27.0,10.0,10.0,10.0,10.0,4.0,16.0,0.0,0,0,0,0
2014-11-28,72.0,57.0,42.0,82.0,62.0,41.0,10.0,10.0,10.0,14.0,4.0,24.0,0.0,0,0,0,0
2014-11-29,73.0,65.0,56.0,93.0,75.0,57.0,10.0,10.0,10.0,16.0,7.0,31.0,0.0,0,0,0,0
2014-11-30,79.0,72.0,64.0,87.0,71.0,54.0,10.0,10.0,10.0,15.0,7.0,28.0,0.0,0,0,0,0
2014-12-01,66.0,54.0,41.0,93.0,69.0,45.0,10.0,10.0,8.0,17.0,6.0,30.0,0.0,0,0,0,0
2014-12-02,50.0,45.0,39.0,80.0,63.0,45.0,10.0,10.0,10.0,10.0,4.0,16.0,0.0,0,0,0,0
2014-12-03,59.0,54.0,48.0,100.0,88.0,75.0,10.0,7.0,2.0,7.0,1.0,10.0,0.0,0,0,0,0
2014-12-04,66.0,62.0,58.0,100.0,94.0,87.0,10.0,3.0,1.0,12.0,3.0,16.0,0.06,0,1,0,0
2014-12-05,75.0,69.0,63.0,100.0,82.0,64.0,10.0,8.0,2.0,12.0,5.0,20.0,0.01,0,1,0,0
2014-12-06,69.0,62.0,55.0,90.0,72.0,53.0,10.0,10.0,9.0,13.0,6.0,20.0,0.0,0,0,0,0
2014-12-07,56.0,54.0,52.0,89.0,83.0,77.0,10.0,10.0,9.0,9.0,4.0,14.0,0.0,0,0,0,0
2014-12-08,67.0,58.0,49.0,86.0,69.0,52.0,10.0,10.0,8.0,9.0,3.0,14.0,0.0,0,0,0,0
2014-12-09,69.0,56.0,43.0,100.0,70.0,39.0,10.0,8.0,2.0,8.0,1.0,11.0,0.0,0,0,0,0
2014-12-10,66.0,57.0,47.0,93.0,75.0,56.0,10.0,9.0,6.0,8.0,1.0,11.0,0.02,0,1,0,0
2014-12-11,67.0,62.0,57.0,97.0,85.0,73.0,10.0,7.0,2.0,9.0,5.0,16.0,0.04,0,1,0,0
2014-12-12,71.0,65.0,59.0,90.0,78.0,66.0,10.0,10.0,9.0,12.0,5.0,17.0,0.0,0,1,0,0
2014-12-13,74.0,65.0,55.0,100.0,79.0,57.0,10.0,9.0,5.0,14.0,5.0,21.0,0.0,0,0,0,0
2014-12-14,74.0,68.0,61.0,100.0,82.0,64.0,10.0,9.0,5.0,14.0,6.0,26.0,0.07,0,1,0,0
2014-12-15,74.0,63.0,52.0,93.0,58.0,23.0,10.0,10.0,7.0,12.0,5.0,19.0,0.0,0,0,0,0
2014-12-16,63.0,55.0,46.0,60.0,47.0,34.0,10.0,10.0,10.0,14.0,5.0,20.0,0.0,0,0,0,0
2014-12-17,53.0,51.0,48.0,96.0,75.0,54.0,10.0,8.0,2.0,15.0,4.0,22.0,0.1,0,1,0,1
2014-12-18,60.0,55.0,49.0,100.0,92.0,84.0,10.0,4.0,1.0,12.0,3.0,17.0,0.0,0,0,0,0
2014-12-19,57.0,53.0,48.0,100.0,89.0,77.0,10.0,7.0,1.0,13.0,7.0,19.0,0.59,0,1,0,1
2014-12-20,54.0,52.0,49.0,86.0,82.0,72.0,10.0,9.0,5.0,8.0,3.0,13.0,0.0,0,0,0,0
2014-12-21,56.0,53.0,50.0,93.0,83.0,72.0,10.0,9.0,5.0,10.0,5.0,20.0,0.0,0,0,0,0
2014-12-22,77.0,67.0,56.0,93.0,63.0,33.0,10.0,10.0,8.0,12.0,5.0,18.0,0.0,0,0,0,0
2014-12-23,59.0,51.0,43.0,77.0,66.0,55.0,10.0,10.0,10.0,18.0,8.0,31.0,0.0,0,1,0,0
2014-12-24,57.0,46.0,35.0,85.0,62.0,38.0,10.0,10.0,10.0,16.0,6.0,25.0,0.0,0,0,0,0
2014-12-25,65.0,49.0,33.0,96.0,61.0,26.0,10.0,10.0,10.0,16.0,6.0,30.0,0.0,0,0,0,0
2014-12-26,74.0,64.0,53.0,100.0,83.0,66.0,10.0,9.0,3.0,12.0,5.0,21.0,0.01,0,1,0,0
2014-12-27,66.0,54.0,41.0,93.0,79.0,65.0,10.0,8.0,5.0,16.0,8.0,24.0,0.03,0,1,0,0
2014-12-28,47.0,40.0,32.0,92.0,71.0,49.0,10.0,10.0,7.0,14.0,4.0,21.0,0.13,0,1,0,0
2014-12-29,67.0,49.0,30.0,92.0,68.0,43.0,10.0,10.0,10.0,10.0,2.0,15.0,0.0,0,0,0,0
2014-12-30,46.0,43.0,39.0,100.0,87.0,73.0,10.0,6.0,0.0,13.0,6.0,21.0,0.0,1,0,0,0
2014-12-31,42.0,39.0,36.0,76.0,70.0,64.0,10.0,10.0,9.0,14.0,8.0,21.0,0.0,0,0,0,0
2015-01-01,40.0,37.0,34.0,100.0,82.0,64.0,10.0,3.0,1.0,9.0,5.0,13.0,0.63,0,1,0,1
2015-01-02,43.0,41.0,38.0,100.0,95.0,89.0,10.0,4.0,2.0,12.0,5.0,18.0,0.2,0,1,0,1
2015-01-03,62.0,51.0,39.0,100.0,74.0,48.0,10.0,8.0,2.0,14.0,3.0,24.0,0.76,0,1,0,1
2015-01-04,51.0,43.0,35.0,100.0,69.0,38.0,10.0,10.0,10.0,16.0,7.0,26.0,0.0,0,0,0,0
2015-01-05,52.0,41.0,29.0,75.0,54.0,32.0,10.0,10.0,10.0,8.0,4.0,12.0,0.0,0,0,0,0
2015-01-06,71.0,54.0,36.0,76.0,50.0,23.0,10.0,10.0,10.0,9.0,2.0,13.0,0.0,0,0,0,0
2015-01-07,51.0,41.0,30.0,76.0,54.0,32.0,10.0,10.0,10.0,21.0,9.0,32.0,0.0,0,0,0,0
2015-01-08,36.0,30.0,23.0,56.0,48.0,39.0,10.0,10.0,10.0,15.0,5.0,23.0,0.0,0,1,0,0
2015-01-09,38.0,36.0,34.0,70.0,62.0,54.0,10.0,10.0,4.0,13.0,6.0,21.0,0.02,0,1,0,0
2015-01-10,36.0,34.0,32.0,100.0,76.0,52.0,10.0,4.0,2.0,8.0,3.0,13.0,0.3,0,1,0,1
2015-01-11,49.0,42.0,34.0,100.0,90.0,80.0,10.0,7.0,2.0,8.0,3.0,13.0,0.17,0,1,0,0
2015-01-12,46.0,43.0,40.0,100.0,88.0,76.0,10.0,5.0,0.0,14.0,5.0,20.0,0.0,1,0,0,0
2015-01-13,42.0,39.0,35.0,92.0,83.0,73.0,10.0,7.0,4.0,12.0,7.0,21.0,0.0,0,0,0,0
2015-01-14,40.0,39.0,38.0,92.0,86.0,79.0,8.0,4.0,2.0,9.0,5.0,15.0,0.0,0,0,0,0
2015-01-15,59.0,49.0,38.0,92.0,68.0,43.0,10.0,9.0,6.0,12.0,4.0,19.0,0.0,0,0,0,0
2015-01-16,64.0,51.0,38.0,92.0,64.0,36.0,10.0,10.0,10.0,8.0,3.0,12.0,0.0,0,0,0,0
2015-01-17,69.0,54.0,39.0,92.0,63.0,34.0,10.0,10.0,6.0,12.0,3.0,20.0,0.0,0,0,0,0
2015-01-18,72.0,59.0,46.0,53.0,37.0,20.0,10.0,10.0,10.0,10.0,3.0,15.0,0.0,0,0,0,0
2015-01-19,75.0,56.0,37.0,85.0,59.0,33.0,10.0,10.0,10.0,10.0,3.0,19.0,0.0,0,0,0,0
2015-01-20,80.0,61.0,41.0,89.0,59.0,28.0,10.0,10.0,7.0,12.0,3.0,19.0,0.0,0,0,0,0
2015-01-21,56.0,53.0,50.0,96.0,84.0,71.0,10.0,5.0,1.0,10.0,6.0,17.0,0.16,0,1,0,0
2015-01-22,52.0,47.0,41.0,100.0,91.0,82.0,10.0,4.0,1.0,20.0,10.0,32.0,2.07,0,1,0,0
2015-01-23,51.0,45.0,38.0,93.0,77.0,61.0,10.0,8.0,3.0,15.0,6.0,23.0,0.4,0,1,0,0
2015-01-24,63.0,50.0,36.0,92.0,62.0,32.0,10.0,10.0,10.0,13.0,4.0,21.0,0.0,0,0,0,0
2015-01-25,73.0,57.0,40.0,85.0,53.0,20.0,10.0,10.0,10.0,13.0,6.0,20.0,0.0,0,0,0,0
2015-01-26,74.0,60.0,46.0,61.0,43.0,25.0,10.0,10.0,10.0,10.0,5.0,17.0,0.0,0,0,0,0
2015-01-27,83.0,67.0,51.0,71.0,47.0,23.0,10.0,10.0,10.0,14.0,6.0,24.0,0.0,0,0,0,0
2015-01-28,81.0,62.0,42.0,96.0,60.0,23.0,10.0,10.0,10.0,14.0,4.0,22.0,0.0,0,0,0,0
2015-01-29,79.0,66.0,52.0,100.0,68.0,35.0,10.0,10.0,6.0,16.0,4.0,25.0,0.0,0,0,0,0
2015-01-30,58.0,53.0,48.0,63.0,52.0,40.0,10.0,10.0,10.0,14.0,6.0,23.0,0.0,0,1,0,0
2015-01-31,62.0,56.0,49.0,100.0,80.0,59.0,10.0,5.0,1.0,15.0,4.0,21.0,0.31,0,1,0,0
2015-02-01,73.0,59.0,44.0,100.0,77.0,53.0,10.0,8.0,4.0,17.0,7.0,28.0,0.02,0,1,0,0
2015-02-02,49.0,41.0,33.0,62.0,48.0,34.0,10.0,10.0,10.0,15.0,6.0,22.0,0.0,0,0,0,0
2015-02-03,43.0,42.0,40.0,96.0,76.0,55.0,10.0,6.0,2.0,8.0,2.0,11.0,0.26,0,1,0,0
2015-02-04,55.0,49.0,42.0,100.0,92.0,83.0,10.0,5.0,1.0,8.0,2.0,13.0,0.06,0,1,0,0
2015-02-05,52.0,45.0,38.0,92.0,77.0,62.0,10.0,10.0,5.0,16.0,7.0,26.0,0.0,0,0,0,0
2015-02-06,60.0,49.0,37.0,86.0,69.0,51.0,10.0,10.0,7.0,10.0,3.0,16.0,0.0,0,0,0,0
2015-02-07,69.0,55.0,40.0,93.0,71.0,49.0,10.0,8.0,4.0,13.0,5.0,21.0,0.0,0,0,0,0
2015-02-08,78.0,68.0,58.0,93.0,72.0,50.0,10.0,10.0,8.0,14.0,6.0,26.0,0.0,0,0,0,0
2015-02-09,83.0,68.0,52.0,77.0,49.0,20.0,10.0,10.0,10.0,9.0,3.0,13.0,0.0,0,0,0,0
2015-02-10,81.0,64.0,46.0,86.0,57.0,28.0,10.0,10.0,10.0,10.0,4.0,18.0,0.0,0,0,0,0
2015-02-11,78.0,65.0,51.0,100.0,64.0,27.0,10.0,7.0,1.0,16.0,5.0,26.0,0.0,0,0,0,0
2015-02-12,62.0,53.0,44.0,65.0,51.0,36.0,10.0,10.0,10.0,16.0,7.0,27.0,0.0,0,0,0,0
2015-02-13,70.0,55.0,39.0,79.0,58.0,37.0,10.0,10.0,10.0,10.0,2.0,15.0,0.0,0,0,0,0
2015-02-14,78.0,63.0,48.0,86.0,60.0,33.0,10.0,10.0,10.0,9.0,3.0,14.0,0.0,0,0,0,0
2015-02-15,68.0,63.0,57.0,87.0,80.0,73.0,10.0,10.0,7.0,10.0,5.0,19.0,0.0,0,0,0,0
2015-02-16,66.0,51.0,36.0,93.0,79.0,64.0,10.0,8.0,2.0,17.0,9.0,28.0,0.01,0,1,0,0
2015-02-17,55.0,45.0,34.0,82.0,59.0,35.0,10.0,10.0,10.0,13.0,7.0,22.0,0.0,0,0,0,0
2015-02-18,66.0,49.0,32.0,89.0,56.0,22.0,10.0,10.0,10.0,13.0,4.0,18.0,0.0,0,0,0,0
2015-02-19,70.0,54.0,38.0,85.0,61.0,37.0,10.0,10.0,10.0,14.0,5.0,28.0,0.0,0,0,0,0
2015-02-20,75.0,65.0,54.0,86.0,72.0,57.0,10.0,10.0,9.0,16.0,9.0,31.0,0.0,0,0,0,0
2015-02-21,78.0,67.0,55.0,87.0,69.0,50.0,10.0,10.0,9.0,14.0,6.0,25.0,0.0,0,0,0,0
2015-02-22,56.0,47.0,37.0,93.0,80.0,66.0,10.0,8.0,2.0,20.0,7.0,30.0,0.02,0,1,0,0
2015-02-23,37.0,34.0,30.0,92.0,87.0,82.0,10.0,7.0,2.0,17.0,9.0,24.0,0.01,0,1,0,0
2015-02-24,37.0,34.0,30.0,92.0,84.0,76.0,10.0,8.0,2.0,9.0,4.0,15.0,0.0,0,0,0,0
2015-02-25,63.0,49.0,35.0,100.0,64.0,27.0,10.0,8.0,3.0,13.0,3.0,21.0,0.01,0,1,0,0
2015-02-26,52.0,43.0,33.0,96.0,74.0,52.0,10.0,10.0,5.0,15.0,7.0,24.0,0.0,0,0,0,0
2015-02-27,36.0,34.0,31.0,92.0,72.0,52.0,10.0,8.0,2.0,13.0,7.0,21.0,0.01,0,1,0,0
2015-02-28,36.0,34.0,31.0,100.0,93.0,85.0,10.0,5.0,2.0,10.0,5.0,17.0,0.1,0,1,0,0
2015-03-01,43.0,39.0,35.0,100.0,95.0,89.0,8.0,4.0,2.0,10.0,6.0,16.0,0.09,0,1,0,0
2015-03-02,45.0,42.0,38.0,100.0,95.0,89.0,10.0,5.0,1.0,10.0,4.0,15.0,0.02,0,1,0,0
2015-03-03,63.0,52.0,41.0,100.0,95.0,90.0,5.0,2.0,0.0,8.0,1.0,13.0,0.01,1,1,0,0
2015-03-04,70.0,52.0,34.0,100.0,95.0,89.0,10.0,4.0,0.0,21.0,6.0,36.0,0.15,1,1,0,1
2015-03-05,47.0,39.0,31.0,89.0,61.0,33.0,10.0,9.0,2.0,20.0,10.0,33.0,0.13,0,1,0,1
2015-03-06,57.0,42.0,26.0,81.0,54.0,27.0,10.0,10.0,10.0,8.0,2.0,13.0,0.0,0,0,0,0
2015-03-07,60.0,49.0,38.0,82.0,56.0,29.0,10.0,10.0,10.0,10.0,2.0,13.0,0.0,0,0,0,0
2015-03-08,54.0,51.0,47.0,100.0,69.0,38.0,10.0,3.0,1.0,12.0,3.0,16.0,0.45,0,1,0,0
2015-03-09,55.0,52.0,49.0,100.0,97.0,93.0,10.0,5.0,1.0,8.0,4.0,13.0,2.17,0,1,0,0
2015-03-10,63.0,57.0,50.0,96.0,78.0,60.0,10.0,10.0,10.0,9.0,4.0,14.0,0.0,0,0,0,0
2015-03-11,59.0,57.0,54.0,86.0,79.0,72.0,10.0,10.0,10.0,13.0,6.0,20.0,0.0,0,0,0,0
2015-03-12,73.0,63.0,52.0,96.0,73.0,49.0,10.0,10.0,9.0,13.0,5.0,18.0,0.02,0,1,0,0
2015-03-13,78.0,66.0,53.0,100.0,68.0,36.0,10.0,8.0,1.0,12.0,3.0,18.0,0.0,0,0,0,0
2015-03-14,78.0,66.0,53.0,89.0,61.0,33.0,10.0,10.0,10.0,15.0,6.0,23.0,0.0,0,0,0,0
2015-03-15,69.0,60.0,51.0,89.0,72.0,55.0,10.0,10.0,10.0,12.0,3.0,16.0,0.0,0,0,0,0
2015-03-16,77.0,65.0,52.0,100.0,73.0,46.0,10.0,9.0,4.0,10.0,3.0,17.0,0.0,0,0,0,0
2015-03-17,77.0,70.0,63.0,100.0,82.0,64.0,10.0,8.0,4.0,9.0,3.0,16.0,0.01,0,1,0,0
2015-03-18,81.0,71.0,60.0,93.0,74.0,54.0,10.0,10.0,8.0,13.0,4.0,20.0,0.13,0,1,0,0
2015-03-19,83.0,73.0,63.0,100.0,79.0,58.0,10.0,8.0,2.0,12.0,5.0,17.0,0.0,0,0,0,0
2015-03-20,71.0,64.0,57.0,93.0,89.0,84.0,10.0,6.0,0.0,15.0,4.0,22.0,1.17,1,1,0,0
2015-03-21,61.0,58.0,55.0,100.0,95.0,90.0,10.0,7.0,2.0,10.0,4.0,17.0,0.43,0,1,0,0
2015-03-22,78.0,68.0,57.0,100.0,75.0,50.0,10.0,10.0,7.0,9.0,4.0,15.0,0.0,0,0,0,0
2015-03-23,80.0,66.0,52.0,100.0,73.0,45.0,10.0,10.0,6.0,9.0,3.0,14.0,0.0,0,0,0,0
2015-03-24,83.0,71.0,59.0,97.0,72.0,47.0,10.0,10.0,9.0,14.0,7.0,22.0,0.0,0,0,0,0
2015-03-25,84.0,73.0,62.0,93.0,72.0,51.0,10.0,10.0,10.0,16.0,8.0,27.0,0.0,0,0,0,0
2015-03-26,70.0,62.0,54.0,93.0,62.0,31.0,10.0,9.0,2.0,20.0,10.0,29.0,0.05,0,1,0,0
2015-03-27,82.0,64.0,46.0,71.0,44.0,16.0,10.0,10.0,10.0,13.0,4.0,19.0,0.0,0,0,0,0
2015-03-28,84.0,66.0,48.0,86.0,54.0,22.0,10.0,10.0,10.0,13.0,5.0,24.0,0.0,0,0,0,0
2015-03-29,84.0,71.0,57.0,93.0,67.0,40.0,10.0,10.0,10.0,17.0,8.0,28.0,0.0,0,0,0,0
2015-03-30,80.0,72.0,64.0,93.0,76.0,58.0,10.0,10.0,9.0,12.0,5.0,18.0,0.0,0,0,0,0
2015-03-31,82.0,74.0,66.0,93.0,74.0,54.0,10.0,10.0,7.0,13.0,7.0,20.0,0.0,0,0,0,0
2015-04-01,83.0,76.0,68.0,90.0,71.0,51.0,10.0,9.0,4.0,14.0,7.0,25.0,0.0,0,1,0,0
2015-04-02,84.0,76.0,68.0,90.0,76.0,62.0,10.0,8.0,6.0,15.0,8.0,26.0,0.0,0,0,0,0
2015-04-03,86.0,76.0,66.0,90.0,67.0,43.0,10.0,8.0,4.0,17.0,7.0,27.0,0.0,0,0,0,0
2015-04-04,69.0,63.0,56.0,61.0,53.0,44.0,10.0,10.0,10.0,17.0,8.0,32.0,0.0,0,0,0,0
2015-04-05,69.0,64.0,59.0,100.0,78.0,56.0,10.0,5.0,1.0,10.0,4.0,16.0,0.02,0,1,0,0
2015-04-06,85.0,75.0,65.0,100.0,76.0,51.0,10.0,8.0,2.0,14.0,7.0,24.0,0.0,0,0,0,0
2015-04-07,87.0,78.0,68.0,90.0,71.0,51.0,10.0,10.0,8.0,16.0,8.0,26.0,0.0,0,0,0,0
2015-04-08,79.0,74.0,69.0,90.0,81.0,71.0,10.0,9.0,6.0,16.0,8.0,29.0,0.0,0,0,0,0
2015-04-09,87.0,79.0,70.0,90.0,73.0,55.0,10.0,9.0,7.0,15.0,7.0,27.0,0.0,0,0,0,0
2015-04-10,74.0,65.0,56.0,93.0,70.0,47.0,10.0,10.0,10.0,14.0,5.0,26.0,0.09,0,1,0,1
2015-04-11,70.0,65.0,59.0,100.0,86.0,72.0,10.0,5.0,1.0,7.0,3.0,12.0,0.0,0,1,0,0
2015-04-12,82.0,75.0,67.0,100.0,81.0,62.0,10.0,5.0,0.0,13.0,5.0,19.0,0.01,1,0,0,0
2015-04-13,87.0,76.0,64.0,100.0,67.0,34.0,10.0,8.0,2.0,13.0,4.0,19.0,0.09,0,1,0,1
2015-04-14,77.0,67.0,57.0,87.0,67.0,46.0,10.0,10.0,10.0,12.0,6.0,20.0,0.0,0,0,0,0
2015-04-15,83.0,69.0,54.0,93.0,69.0,45.0,10.0,10.0,10.0,14.0,4.0,20.0,0.0,0,0,0,0
2015-04-16,81.0,74.0,67.0,93.0,78.0,62.0,10.0,9.0,4.0,17.0,4.0,27.0,0.01,0,1,0,1
2015-04-17,75.0,71.0,66.0,93.0,81.0,69.0,10.0,8.0,2.0,12.0,4.0,18.0,0.41,0,1,0,1
2015-04-18,77.0,66.0,54.0,100.0,82.0,64.0,10.0,8.0,0.0,28.0,4.0,43.0,0.57,1,1,0,1
2015-04-19,89.0,73.0,57.0,100.0,60.0,20.0,10.0,7.0,0.0,15.0,6.0,25.0,0.0,1,0,0,1
2015-04-20,73.0,64.0,54.0,64.0,48.0,32.0,10.0,10.0,10.0,15.0,6.0,25.0,0.0,0,0,0,0
2015-04-21,81.0,66.0,51.0,89.0,66.0,43.0,10.0,10.0,10.0,13.0,5.0,22.0,0.0,0,0,0,0
2015-04-22,81.0,74.0,67.0,93.0,79.0,64.0,10.0,10.0,7.0,16.0,7.0,23.0,0.0,0,0,0,0
2015-04-23,85.0,77.0,68.0,100.0,85.0,69.0,10.0,8.0,1.0,10.0,4.0,16.0,0.0,0,0,0,0
2015-04-24,85.0,77.0,69.0,100.0,85.0,69.0,10.0,6.0,1.0,14.0,5.0,23.0,0.43,0,1,0,1
2015-04-25,93.0,82.0,70.0,100.0,61.0,21.0,10.0,7.0,2.0,12.0,5.0,20.0,0.04,0,0,0,1
2015-04-26,86.0,78.0,69.0,93.0,77.0,61.0,10.0,8.0,1.0,18.0,8.0,32.0,0.08,0,1,0,1
2015-04-27,85.0,74.0,63.0,100.0,66.0,32.0,10.0,9.0,1.0,17.0,4.0,37.0,0.56,0,1,0,1
2015-04-28,65.0,59.0,53.0,84.0,74.0,64.0,10.0,10.0,10.0,17.0,8.0,26.0,0.0,0,0,0,0
2015-04-29,77.0,63.0,49.0,93.0,61.0,29.0,10.0,10.0,10.0,12.0,5.0,19.0,0.0,0,0,0,0
2015-04-30,83.0,67.0,50.0,89.0,60.0,31.0,10.0,10.0,8.0,10.0,3.0,14.0,0.0,0,0,0,0
2015-05-01,84.0,70.0,55.0,86.0,60.0,33.0,10.0,10.0,10.0,10.0,2.0,15.0,0.0,0,0,0,0
2015-05-02,83.0,71.0,58.0,80.0,58.0,36.0,10.0,10.0,10.0,13.0,4.0,20.0,0.0,0,0,0,0
2015-05-03,84.0,71.0,58.0,93.0,67.0,40.0,10.0,10.0,10.0,15.0,6.0,23.0,0.0,0,0,0,0
2015-05-04,84.0,75.0,66.0,93.0,71.0,49.0,10.0,10.0,4.0,16.0,8.0,26.0,0.0,0,0,0,0
2015-05-05,83.0,75.0,66.0,100.0,77.0,54.0,10.0,6.0,0.0,20.0,7.0,28.0,3.84,1,1,0,1
2015-05-06,87.0,79.0,71.0,93.0,74.0,55.0,10.0,8.0,3.0,14.0,8.0,23.0,0.01,0,1,0,0
2015-05-07,83.0,78.0,73.0,87.0,81.0,74.0,10.0,9.0,2.0,17.0,9.0,26.0,0.02,0,1,0,0
2015-05-08,79.0,76.0,73.0,93.0,88.0,82.0,10.0,5.0,1.0,13.0,6.0,19.0,0.29,0,1,0,1
2015-05-09,85.0,79.0,72.0,93.0,79.0,65.0,10.0,7.0,2.0,17.0,9.0,31.0,0.02,0,1,0,1
2015-05-10,87.0,82.0,76.0,87.0,71.0,55.0,10.0,9.0,7.0,17.0,10.0,29.0,0.0,0,0,0,0
2015-05-11,79.0,74.0,68.0,94.0,78.0,62.0,10.0,7.0,1.0,12.0,5.0,20.0,0.4,0,1,0,1
2015-05-12,69.0,67.0,65.0,100.0,91.0,81.0,10.0,8.0,1.0,10.0,5.0,17.0,0.23,0,1,0,0
2015-05-13,70.0,67.0,64.0,100.0,97.0,93.0,10.0,5.0,0.0,14.0,4.0,26.0,1.12,1,1,0,1
2015-05-14,87.0,78.0,68.0,100.0,83.0,65.0,10.0,6.0,1.0,15.0,5.0,24.0,0.08,0,1,0,0
2015-05-15,77.0,72.0,67.0,100.0,87.0,74.0,10.0,8.0,1.0,13.0,4.0,20.0,0.36,0,1,0,1
2015-05-16,87.0,77.0,67.0,97.0,79.0,61.0,10.0,9.0,6.0,18.0,9.0,30.0,0.0,0,0,0,0
2015-05-17,84.0,75.0,66.0,100.0,83.0,65.0,10.0,6.0,1.0,22.0,5.0,35.0,2.6,0,1,0,1
2015-05-18,88.0,81.0,73.0,93.0,77.0,61.0,10.0,9.0,3.0,12.0,5.0,20.0,0.0,0,1,0,0
2015-05-19,89.0,82.0,74.0,87.0,73.0,59.0,10.0,8.0,5.0,17.0,8.0,28.0,0.0,0,1,0,0
2015-05-20,89.0,81.0,72.0,94.0,75.0,56.0,10.0,8.0,1.0,13.0,5.0,21.0,0.33,0,1,0,1
2015-05-21,76.0,69.0,62.0,94.0,84.0,73.0,10.0,10.0,7.0,15.0,6.0,24.0,0.02,0,1,0,1
2015-05-22,77.0,70.0,62.0,100.0,91.0,82.0,10.0,6.0,1.0,10.0,4.0,17.0,0.03,0,1,0,0
2015-05-23,87.0,77.0,66.0,100.0,83.0,65.0,10.0,6.0,0.0,18.0,7.0,32.0,1.41,1,1,0,1
2015-05-24,82.0,73.0,64.0,93.0,81.0,69.0,10.0,10.0,5.0,8.0,6.0,17.0,0.76,0,1,0,0
2015-05-25,82.0,74.0,66.0,100.0,87.0,74.0,10.0,7.0,0.0,16.0,5.0,29.0,5.2,1,1,0,1
2015-05-26,89.0,78.0,66.0,100.0,80.0,59.0,10.0,6.0,2.0,13.0,6.0,20.0,0.0,0,0,0,1
2015-05-27,85.0,76.0,67.0,94.0,82.0,69.0,10.0,9.0,6.0,12.0,5.0,18.0,0.0,0,1,0,1
2015-05-28,87.0,78.0,69.0,94.0,80.0,65.0,10.0,8.0,2.0,15.0,6.0,25.0,0.2,0,1,0,1
2015-05-29,89.0,77.0,64.0,100.0,76.0,51.0,10.0,8.0,1.0,21.0,5.0,33.0,0.67,0,1,0,1
2015-05-30,88.0,79.0,70.0,93.0,74.0,55.0,10.0,10.0,8.0,12.0,2.0,16.0,0.0,0,1,0,1
2015-05-31,86.0,77.0,67.0,90.0,67.0,44.0,10.0,10.0,10.0,9.0,2.0,16.0,0.0,0,0,0,0
2015-06-01,88.0,76.0,64.0,93.0,70.0,46.0,10.0,10.0,9.0,8.0,2.0,12.0,0.0,0,0,0,0
2015-06-02,90.0,79.0,67.0,93.0,70.0,46.0,10.0,10.0,10.0,9.0,2.0,16.0,0.0,0,0,0,0
2015-06-03,89.0,78.0,67.0,90.0,69.0,47.0,10.0,10.0,10.0,13.0,5.0,20.0,0.0,0,0,0,0
2015-06-04,88.0,78.0,68.0,90.0,68.0,45.0,10.0,10.0,10.0,12.0,4.0,16.0,0.0,0,0,0,0
2015-06-05,90.0,80.0,69.0,97.0,72.0,47.0,10.0,10.0,10.0,12.0,4.0,17.0,0.0,0,0,0,0
2015-06-06,90.0,80.0,70.0,97.0,72.0,46.0,10.0,10.0,10.0,9.0,3.0,14.0,0.0,0,0,0,0
2015-06-07,91.0,81.0,70.0,97.0,71.0,44.0,10.0,10.0,10.0,12.0,4.0,17.0,0.0,0,0,0,0
2015-06-08,93.0,82.0,71.0,93.0,67.0,41.0,10.0,10.0,10.0,9.0,3.0,13.0,0.0,0,0,0,0
2015-06-09,95.0,84.0,72.0,87.0,60.0,33.0,10.0,10.0,10.0,8.0,3.0,13.0,0.0,0,0,0,0
2015-06-10,93.0,83.0,72.0,79.0,62.0,44.0,10.0,10.0,10.0,10.0,4.0,16.0,0.0,0,0,0,0
2015-06-11,94.0,84.0,73.0,93.0,71.0,49.0,10.0,10.0,10.0,15.0,7.0,25.0,0.0,0,0,0,0
2015-06-12,93.0,84.0,75.0,88.0,70.0,52.0,10.0,10.0,10.0,13.0,6.0,20.0,0.01,0,0,0,0
2015-06-13,95.0,85.0,75.0,94.0,70.0,46.0,10.0,10.0,10.0,18.0,7.0,29.0,0.0,0,0,0,0
2015-06-14,86.0,79.0,72.0,100.0,87.0,74.0,10.0,8.0,0.0,13.0,6.0,22.0,1.34,1,1,0,1
2015-06-15,89.0,82.0,74.0,100.0,78.0,55.0,10.0,9.0,2.0,16.0,4.0,24.0,0.19,0,1,0,1
2015-06-16,83.0,78.0,73.0,94.0,84.0,74.0,10.0,8.0,0.0,15.0,7.0,25.0,1.34,1,1,0,1
2015-06-17,89.0,81.0,72.0,100.0,83.0,65.0,10.0,7.0,0.0,23.0,5.0,15.0,2.66,1,1,0,1
2015-06-18,90.0,82.0,73.0,100.0,82.0,64.0,10.0,10.0,7.0,12.0,4.0,21.0,0.0,0,0,0,1
2015-06-19,84.0,78.0,71.0,94.0,87.0,79.0,10.0,8.0,0.0,13.0,1.0,22.0,1.09,1,1,0,1
2015-06-20,83.0,78.0,72.0,100.0,90.0,79.0,10.0,8.0,0.0,17.0,3.0,26.0,0.49,1,1,0,1
2015-06-21,86.0,79.0,72.0,100.0,85.0,70.0,10.0,7.0,0.0,17.0,4.0,29.0,0.93,1,1,0,1
2015-06-22,89.0,81.0,72.0,100.0,84.0,68.0,10.0,9.0,6.0,10.0,5.0,17.0,0.0,0,0,0,0
2015-06-23,92.0,84.0,75.0,94.0,73.0,52.0,10.0,10.0,10.0,13.0,5.0,20.0,0.0,0,0,0,1
2015-06-24,92.0,83.0,74.0,100.0,78.0,56.0,10.0,10.0,10.0,12.0,3.0,16.0,0.0,0,0,0,0
2015-06-25,93.0,83.0,73.0,100.0,76.0,52.0,10.0,10.0,10.0,12.0,4.0,17.0,0.0,0,0,0,0
2015-06-26,93.0,85.0,76.0,94.0,73.0,52.0,10.0,10.0,10.0,10.0,6.0,18.0,0.0,0,0,0,0
2015-06-27,91.0,83.0,74.0,94.0,75.0,56.0,10.0,10.0,6.0,14.0,1.0,22.0,0.01,0,1,0,1
2015-06-28,91.0,82.0,73.0,94.0,73.0,52.0,10.0,9.0,2.0,13.0,2.0,17.0,0.08,0,1,0,1
2015-06-29,93.0,84.0,74.0,100.0,75.0,49.0,10.0,9.0,5.0,10.0,5.0,18.0,0.0,0,0,0,0
2015-06-30,94.0,84.0,73.0,100.0,76.0,52.0,10.0,7.0,0.0,14.0,4.0,26.0,0.75,1,1,0,1
2015-07-01,91.0,81.0,71.0,93.0,78.0,63.0,10.0,10.0,10.0,17.0,4.0,31.0,0.0,0,1,0,0
2015-07-02,91.0,81.0,70.0,100.0,78.0,56.0,10.0,10.0,6.0,16.0,6.0,29.0,0.0,0,0,0,0
2015-07-03,91.0,84.0,76.0,88.0,69.0,49.0,10.0,9.0,7.0,12.0,6.0,19.0,0.0,0,0,0,0
2015-07-04,92.0,84.0,76.0,94.0,73.0,52.0,10.0,10.0,9.0,14.0,7.0,22.0,0.0,0,0,0,0
2015-07-05,91.0,84.0,76.0,94.0,75.0,56.0,10.0,10.0,8.0,14.0,7.0,26.0,0.0,0,0,0,0
2015-07-06,91.0,84.0,77.0,88.0,72.0,55.0,10.0,9.0,7.0,16.0,8.0,28.0,0.0,0,0,0,0
2015-07-07,91.0,85.0,78.0,85.0,71.0,56.0,10.0,10.0,8.0,16.0,8.0,28.0,0.0,0,0,0,0
2015-07-08,91.0,85.0,78.0,85.0,69.0,52.0,10.0,9.0,6.0,18.0,8.0,29.0,0.0,0,0,0,0
2015-07-09,93.0,85.0,76.0,88.0,65.0,41.0,10.0,9.0,6.0,16.0,8.0,24.0,0.0,0,0,0,0
2015-07-10,94.0,84.0,74.0,94.0,68.0,41.0,10.0,9.0,6.0,13.0,6.0,21.0,0.0,0,0,0,0
2015-07-11,93.0,83.0,73.0,94.0,69.0,44.0,10.0,10.0,8.0,14.0,5.0,19.0,0.0,0,0,0,0
2015-07-12,94.0,84.0,74.0,87.0,67.0,46.0,10.0,10.0,10.0,12.0,5.0,19.0,0.0,0,0,0,0
2015-07-13,96.0,86.0,75.0,94.0,69.0,43.0,10.0,10.0,9.0,13.0,5.0,19.0,0.0,0,0,0,0
2015-07-14,97.0,86.0,74.0,87.0,61.0,34.0,10.0,10.0,10.0,10.0,6.0,18.0,0.0,0,0,0,0
2015-07-15,95.0,85.0,75.0,87.0,64.0,41.0,10.0,10.0,10.0,13.0,6.0,19.0,0.0,0,0,0,0
2015-07-16,95.0,85.0,74.0,93.0,69.0,44.0,10.0,10.0,4.0,12.0,6.0,19.0,0.0,0,0,0,0
2015-07-17,96.0,86.0,76.0,88.0,66.0,43.0,10.0,10.0,10.0,13.0,7.0,21.0,0.0,0,0,0,0
2015-07-18,98.0,88.0,77.0,88.0,65.0,42.0,10.0,10.0,10.0,14.0,7.0,23.0,0.0,0,0,0,0
2015-07-19,97.0,87.0,76.0,88.0,65.0,42.0,10.0,10.0,10.0,13.0,6.0,22.0,0.0,0,0,0,0
2015-07-20,97.0,86.0,74.0,94.0,66.0,38.0,10.0,10.0,8.0,12.0,5.0,19.0,0.0,0,0,0,0
2015-07-21,97.0,86.0,75.0,94.0,66.0,38.0,10.0,10.0,8.0,13.0,6.0,19.0,0.0,0,0,0,0
2015-07-22,97.0,87.0,77.0,85.0,64.0,42.0,10.0,10.0,10.0,13.0,7.0,23.0,0.0,0,0,0,0
2015-07-23,99.0,88.0,77.0,88.0,62.0,35.0,10.0,10.0,10.0,14.0,7.0,24.0,0.0,0,0,0,0
2015-07-24,99.0,88.0,77.0,85.0,62.0,38.0,10.0,10.0,10.0,13.0,6.0,20.0,0.0,0,0,0,0
2015-07-25,98.0,87.0,75.0,94.0,66.0,38.0,10.0,10.0,10.0,12.0,5.0,19.0,0.0,0,0,0,0
2015-07-26,98.0,87.0,76.0,94.0,67.0,40.0,10.0,9.0,6.0,12.0,6.0,17.0,0.0,0,0,0,0
2015-07-27,100.0,89.0,77.0,88.0,62.0,35.0,10.0,9.0,5.0,13.0,6.0,20.0,0.0,0,0,0,0
2015-07-28,100.0,89.0,77.0,91.0,63.0,35.0,10.0,9.0,6.0,14.0,8.0,25.0,0.0,0,0,0,0
2015-07-29,101.0,89.0,76.0,88.0,61.0,33.0,10.0,10.0,10.0,12.0,6.0,18.0,0.0,0,0,0,0
2015-07-30,101.0,88.0,75.0,82.0,55.0,27.0,10.0,10.0,10.0,10.0,2.0,16.0,0.0,0,0,0,0
2015-07-31,102.0,90.0,78.0,69.0,52.0,35.0,10.0,10.0,10.0,13.0,4.0,21.0,0.0,0,0,0,0
2015-08-01,99.0,86.0,73.0,68.0,47.0,25.0,10.0,10.0,10.0,10.0,3.0,17.0,0.0,0,0,0,0
2015-08-02,100.0,88.0,75.0,69.0,48.0,26.0,10.0,10.0,10.0,10.0,3.0,16.0,0.0,0,0,0,0
2015-08-03,99.0,87.0,75.0,79.0,54.0,29.0,10.0,10.0,10.0,13.0,4.0,17.0,0.0,0,0,0,0
2015-08-04,100.0,89.0,77.0,88.0,62.0,35.0,10.0,10.0,10.0,12.0,6.0,22.0,0.0,0,0,0,0
2015-08-05,101.0,90.0,78.0,85.0,59.0,33.0,10.0,10.0,10.0,13.0,7.0,21.0,0.0,0,0,0,0
2015-08-06,102.0,90.0,77.0,85.0,59.0,33.0,10.0,10.0,10.0,13.0,7.0,22.0,0.0,0,0,0,0
2015-08-07,101.0,89.0,76.0,88.0,61.0,33.0,10.0,10.0,10.0,13.0,6.0,22.0,0.0,0,0,0,0
2015-08-08,103.0,90.0,76.0,100.0,66.0,31.0,10.0,10.0,10.0,20.0,10.0,24.0,0.0,0,0,0,0
2015-08-09,103.0,89.0,74.0,100.0,65.0,29.0,10.0,10.0,10.0,17.0,8.0,22.0,0.0,0,0,0,0
2015-08-10,105.0,90.0,74.0,100.0,62.0,24.0,10.0,10.0,10.0,14.0,6.0,20.0,0.0,0,0,0,0
2015-08-11,105.0,90.0,75.0,77.5,52.5,27.5,10.0,10.0,10.0,13.5,4.5,20.0,0.0,0,0,0,0
2015-08-12,105.0,92.0,79.0,55.0,43.0,31.0,10.0,10.0,10.0,13.0,3.0,20.0,0.0,0,0,0,0
2015-08-13,104.0,91.0,78.0,74.0,51.0,27.0,10.0,10.0,10.0,10.0,3.0,19.0,0.0,0,0,0,0
2015-08-14,101.0,90.0,78.0,85.0,58.0,31.0,10.0,10.0,10.0,10.0,4.0,17.0,0.0,0,0,0,0
2015-08-15,98.0,89.0,79.0,74.0,54.0,33.0,10.0,10.0,10.0,10.0,3.0,16.0,0.0,0,0,0,1
2015-08-16,98.0,87.0,75.0,82.0,58.0,33.0,10.0,10.0,8.0,13.0,4.0,19.0,0.0,0,0,0,0
2015-08-17,98.0,86.0,74.0,87.0,61.0,35.0,10.0,10.0,9.0,12.0,4.0,17.0,0.0,0,0,0,0
2015-08-18,99.0,88.0,76.0,88.0,62.0,35.0,10.0,10.0,10.0,14.0,7.0,23.0,0.0,0,0,0,0
2015-08-19,99.0,89.0,78.0,85.0,62.0,39.0,10.0,10.0,10.0,13.0,6.0,20.0,0.0,0,0,0,0
2015-08-20,84.0,79.0,73.0,94.0,78.0,62.0,10.0,8.0,1.0,13.0,4.0,22.0,0.35,0,1,0,1
2015-08-21,92.0,82.0,72.0,93.0,73.0,52.0,10.0,9.0,4.0,14.0,5.0,23.0,0.0,0,1,0,0
2015-08-22,99.0,87.0,75.0,94.0,65.0,35.0,10.0,10.0,10.0,13.0,6.0,22.0,0.0,0,0,0,0
2015-08-23,101.0,89.0,76.0,94.0,64.0,33.0,10.0,10.0,10.0,12.0,5.0,18.0,0.0,0,0,0,0
2015-08-24,101.0,89.0,76.0,87.0,58.0,29.0,10.0,10.0,10.0,9.0,2.0,15.0,0.0,0,0,0,0
2015-08-25,101.0,89.0,77.0,79.0,56.0,33.0,10.0,10.0,10.0,12.0,3.0,23.0,0.0,0,0,0,0
2015-08-26,98.0,86.0,73.0,87.0,62.0,36.0,10.0,10.0,10.0,8.0,3.0,13.0,0.0,0,0,0,0
2015-08-27,98.0,86.0,74.0,87.0,56.0,25.0,10.0,10.0,10.0,12.0,4.0,18.0,0.0,0,0,0,0
2015-08-28,98.0,85.0,72.0,73.0,50.0,27.0,10.0,10.0,10.0,12.0,4.0,18.0,0.0,0,0,0,0
2015-08-29,95.0,83.0,71.0,79.0,55.0,31.0,10.0,10.0,10.0,9.0,3.0,15.0,0.0,0,0,0,0
2015-08-30,96.0,86.0,75.0,74.0,55.0,36.0,10.0,10.0,10.0,10.0,3.0,17.0,0.0,0,0,0,0
2015-08-31,97.0,86.0,74.0,87.0,59.0,30.0,10.0,10.0,10.0,16.0,5.0,24.0,0.0,0,0,0,0
2015-09-01,94.0,84.0,74.0,87.0,64.0,41.0,10.0,10.0,10.0,14.0,5.0,21.0,0.0,0,0,0,0
2015-09-02,95.0,83.0,71.0,90.0,65.0,39.0,10.0,10.0,10.0,12.0,4.0,19.0,0.0,0,0,0,0
2015-09-03,94.0,84.0,73.0,87.0,64.0,41.0,10.0,10.0,10.0,13.0,3.0,19.0,0.0,0,0,0,0
2015-09-04,100.0,88.0,75.0,88.0,62.0,35.0,10.0,10.0,10.0,14.0,6.0,23.0,0.0,0,0,0,0
2015-09-05,101.0,90.0,79.0,91.0,62.0,33.0,10.0,10.0,10.0,16.0,7.0,24.0,0.01,0,0,0,0
2015-09-06,100.0,88.0,76.0,94.0,63.0,31.0,10.0,10.0,8.0,12.0,6.0,19.0,0.0,0,0,0,0
2015-09-07,100.0,88.0,76.0,88.0,61.0,33.0,10.0,10.0,10.0,13.0,6.0,20.0,0.0,0,0,0,0
2015-09-08,99.0,88.0,76.0,88.0,61.0,33.0,10.0,10.0,10.0,10.0,5.0,16.0,0.0,0,0,0,0
2015-09-09,93.0,84.0,74.0,100.0,74.0,47.0,10.0,8.0,1.0,10.0,3.0,17.0,1.05,0,1,0,1
2015-09-10,96.0,84.0,72.0,100.0,71.0,42.0,10.0,7.0,0.0,16.0,2.0,25.0,0.79,1,1,0,1
2015-09-11,93.0,84.0,75.0,94.0,72.0,49.0,10.0,8.0,4.0,12.0,3.0,20.0,0.0,0,0,0,0
2015-09-12,91.0,80.0,69.0,87.0,55.0,23.0,10.0,10.0,10.0,13.0,5.0,20.0,0.0,0,0,0,0
2015-09-13,91.0,77.0,63.0,73.0,49.0,24.0,10.0,10.0,10.0,13.0,4.0,20.0,0.0,0,0,0,0
2015-09-14,90.0,77.0,64.0,79.0,53.0,27.0,10.0,10.0,10.0,12.0,5.0,17.0,0.0,0,0,0,0
2015-09-15,95.0,84.0,73.0,87.0,67.0,46.0,10.0,10.0,7.0,16.0,5.0,26.0,0.0,0,0,0,0
2015-09-16,93.0,84.0,75.0,94.0,72.0,49.0,10.0,9.0,2.0,13.0,6.0,19.0,0.04,0,1,0,0
2015-09-17,96.0,86.0,75.0,94.0,67.0,39.0,10.0,10.0,10.0,13.0,6.0,18.0,0.0,0,0,0,0
2015-09-18,96.0,86.0,75.0,94.0,64.0,33.0,10.0,10.0,10.0,12.0,6.0,18.0,0.0,0,0,0,0
2015-09-19,96.0,85.0,74.0,94.0,60.0,26.0,10.0,10.0,10.0,9.0,3.0,14.0,0.0,0,0,0,0
2015-09-20,95.0,82.0,69.0,90.0,60.0,30.0,10.0,10.0,10.0,9.0,3.0,15.0,0.0,0,0,0,0
2015-09-21,95.0,84.0,73.0,87.0,57.0,26.0,10.0,10.0,10.0,12.0,4.0,16.0,0.0,0,0,0,0
2015-09-22,97.0,84.0,70.0,79.0,56.0,33.0,10.0,10.0,10.0,10.0,4.0,17.0,0.0,0,0,0,0
2015-09-23,94.0,81.0,68.0,90.0,58.0,26.0,10.0,10.0,9.0,10.0,2.0,15.0,0.0,0,0,0,0
2015-09-24,95.0,82.0,69.0,73.0,49.0,24.0,10.0,10.0,10.0,10.0,2.0,16.0,0.0,0,0,0,0
2015-09-25,96.0,84.0,72.0,79.0,58.0,36.0,10.0,10.0,10.0,12.0,2.0,19.0,0.0,0,1,0,1
2015-09-26,95.0,82.0,68.0,84.0,54.0,24.0,10.0,10.0,10.0,12.0,3.0,21.0,0.0,0,0,0,0
2015-09-27,95.0,81.0,67.0,76.0,50.0,24.0,10.0,10.0,10.0,13.0,2.0,22.0,0.0,0,0,0,0
2015-09-28,89.0,79.0,69.0,90.0,64.0,38.0,10.0,10.0,7.0,12.0,3.0,17.0,0.0,0,0,0,0
2015-09-29,94.0,81.0,67.0,87.0,63.0,38.0,10.0,10.0,10.0,10.0,2.0,17.0,0.0,0,0,0,0
2015-09-30,95.0,83.0,70.0,84.0,56.0,28.0,10.0,10.0,10.0,10.0,2.0,16.0,0.0,0,0,0,0
2015-10-01,94.0,82.0,69.0,73.0,52.0,30.0,10.0,9.0,1.0,12.0,4.0,17.0,0.0,0,0,0,0
2015-10-02,89.0,78.0,67.0,68.0,45.0,22.0,10.0,10.0,10.0,12.0,5.0,18.0,0.0,0,0,0,0
2015-10-03,87.0,72.0,56.0,57.0,40.0,22.0,10.0,10.0,10.0,8.0,3.0,14.0,0.0,0,0,0,0
2015-10-04,87.0,73.0,59.0,67.0,45.0,23.0,10.0,10.0,10.0,8.0,2.0,14.0,0.0,0,0,0,0
2015-10-05,85.0,76.0,67.0,57.0,45.0,32.0,10.0,10.0,10.0,9.0,2.0,13.0,0.0,0,0,0,0
2015-10-06,90.0,77.0,63.0,63.0,44.0,24.0,10.0,10.0,10.0,8.0,3.0,12.0,0.0,0,0,0,0
2015-10-07,91.0,77.0,62.0,72.0,54.0,36.0,10.0,10.0,10.0,12.0,3.0,15.0,0.0,0,0,0,0
2015-10-08,91.0,80.0,68.0,90.0,64.0,38.0,10.0,10.0,10.0,10.0,3.0,20.0,0.0,0,0,0,0
2015-10-09,88.0,80.0,72.0,79.0,62.0,45.0,10.0,10.0,9.0,8.0,2.0,11.0,0.0,0,0,0,0
2015-10-10,90.0,79.0,67.0,78.0,56.0,34.0,10.0,10.0,10.0,10.0,3.0,16.0,0.0,0,0,0,0
2015-10-11,95.0,80.0,64.0,78.0,55.0,31.0,10.0,10.0,10.0,13.0,4.0,21.0,0.0,0,0,0,0
2015-10-12,99.0,86.0,72.0,90.0,62.0,33.0,10.0,9.0,5.0,13.0,6.0,23.0,0.0,0,0,0,0
2015-10-13,94.0,79.0,64.0,79.0,45.0,10.0,10.0,10.0,10.0,12.0,5.0,20.0,0.0,0,0,0,0
2015-10-14,96.0,78.0,60.0,60.0,36.0,12.0,10.0,10.0,5.0,9.0,3.0,15.0,0.0,0,0,0,0
2015-10-15,95.0,79.0,63.0,87.0,55.0,23.0,10.0,10.0,7.0,12.0,4.0,21.0,0.0,0,0,0,0
2015-10-16,90.0,76.0,62.0,93.0,60.0,26.0,10.0,10.0,10.0,12.0,2.0,16.0,0.0,0,0,0,0
2015-10-17,88.0,75.0,62.0,67.0,46.0,25.0,10.0,10.0,10.0,9.0,4.0,16.0,0.0,0,0,0,0
2015-10-18,84.0,71.0,57.0,51.0,33.0,14.0,10.0,10.0,10.0,9.0,4.0,14.0,0.0,0,0,0,0
2015-10-19,86.0,70.0,54.0,67.0,46.0,25.0,10.0,10.0,10.0,12.0,4.0,18.0,0.0,0,0,0,0
2015-10-20,87.0,73.0,58.0,86.0,61.0,35.0,10.0,10.0,10.0,13.0,4.0,20.0,0.0,0,0,0,0
2015-10-21,86.0,79.0,72.0,90.0,71.0,51.0,10.0,10.0,9.0,16.0,8.0,24.0,0.0,0,1,0,0
2015-10-22,82.0,76.0,70.0,100.0,85.0,69.0,10.0,7.0,2.0,16.0,7.0,25.0,0.16,0,1,0,0
2015-10-23,80.0,76.0,71.0,100.0,91.0,82.0,10.0,7.0,1.0,21.0,6.0,32.0,0.43,0,1,0,1
2015-10-24,76.0,68.0,60.0,100.0,94.0,87.0,10.0,4.0,1.0,17.0,9.0,26.0,4.79,0,1,0,0
2015-10-25,64.0,61.0,57.0,100.0,89.0,78.0,10.0,8.0,3.0,17.0,9.0,31.0,0.65,0,1,0,0
2015-10-26,79.0,69.0,58.0,78.0,62.0,45.0,10.0,10.0,10.0,15.0,6.0,23.0,0.0,0,0,0,0
2015-10-27,84.0,71.0,58.0,93.0,61.0,28.0,10.0,10.0,10.0,8.0,3.0,14.0,0.0,0,0,0,0
2015-10-28,82.0,70.0,58.0,78.0,53.0,28.0,10.0,10.0,10.0,18.0,4.0,31.0,0.0,0,0,0,0
2015-10-29,81.0,66.0,51.0,96.0,66.0,35.0,10.0,10.0,10.0,12.0,4.0,18.0,0.0,0,0,0,0
2015-10-30,75.0,71.0,67.0,100.0,90.0,79.0,10.0,4.0,0.0,29.0,8.0,42.0,4.93,1,1,0,1
2015-10-31,77.0,71.0,65.0,100.0,82.0,64.0,10.0,8.0,1.0,16.0,4.0,27.0,0.89,0,1,0,1
2015-11-01,75.0,67.0,59.0,97.0,75.0,53.0,10.0,10.0,5.0,8.0,3.0,12.0,0.07,0,1,0,0
2015-11-02,79.0,68.0,57.0,100.0,75.0,50.0,10.0,5.0,0.0,10.0,3.0,14.0,0.0,1,0,0,0
2015-11-03,80.0,69.0,57.0,100.0,74.0,47.0,10.0,7.0,0.0,10.0,3.0,14.0,0.0,1,0,0,0
2015-11-04,78.0,70.0,61.0,100.0,82.0,64.0,10.0,9.0,5.0,13.0,5.0,20.0,0.0,0,1,0,0
2015-11-05,85.0,79.0,72.0,100.0,83.0,65.0,10.0,9.0,2.0,12.0,6.0,19.0,0.05,0,1,0,1
2015-11-06,76.0,68.0,59.0,87.0,62.0,37.0,10.0,10.0,10.0,14.0,3.0,20.0,0.02,0,1,0,0
2015-11-07,63.0,60.0,56.0,100.0,79.0,57.0,10.0,8.0,0.0,17.0,8.0,28.0,0.53,1,1,0,0
2015-11-08,71.0,62.0,53.0,72.0,56.0,39.0,10.0,10.0,10.0,13.0,5.0,20.0,0.0,0,0,0,0
2015-11-09,73.0,63.0,52.0,83.0,66.0,49.0,10.0,10.0,10.0,6.0,1.0,9.0,0.0,0,0,0,0
2015-11-10,74.0,67.0,60.0,90.0,82.0,73.0,10.0,10.0,10.0,12.0,4.0,20.0,0.0,0,0,0,0
2015-11-11,85.0,77.0,69.0,93.0,62.0,31.0,10.0,10.0,10.0,13.0,7.0,25.0,0.0,0,0,0,0
2015-11-12,71.0,64.0,56.0,51.0,36.0,20.0,10.0,10.0,10.0,16.0,6.0,27.0,0.0,0,0,0,0
2015-11-13,65.0,61.0,56.0,57.0,47.0,37.0,10.0,10.0,10.0,7.0,4.0,14.0,0.0,0,0,0,0
2015-11-14,65.0,60.0,54.0,83.0,66.0,48.0,10.0,10.0,6.0,8.0,3.0,11.0,0.01,0,1,0,0
2015-11-15,70.0,62.0,54.0,87.0,73.0,58.0,10.0,10.0,10.0,9.0,4.0,17.0,0.0,0,0,0,0
2015-11-16,75.0,70.0,65.0,100.0,92.0,84.0,10.0,8.0,2.0,16.0,7.0,28.0,0.01,0,1,0,0
2015-11-17,75.0,61.0,47.0,93.0,69.0,44.0,10.0,8.0,1.0,18.0,4.0,30.0,1.03,0,1,0,0
2015-11-18,72.0,58.0,43.0,93.0,64.0,35.0,10.0,10.0,10.0,9.0,2.0,15.0,0.0,0,0,0,0
2015-11-19,79.0,63.0,46.0,86.0,59.0,32.0,10.0,10.0,10.0,8.0,1.0,11.0,0.0,0,0,0,0
2015-11-20,77.0,65.0,52.0,93.0,67.0,40.0,10.0,10.0,10.0,12.0,4.0,17.0,0.0,0,0,0,0
2015-11-21,66.0,54.0,41.0,93.0,63.0,32.0,10.0,10.0,7.0,22.0,7.0,35.0,0.0,0,0,0,0
2015-11-22,59.0,47.0,34.0,82.0,56.0,30.0,10.0,10.0,10.0,8.0,2.0,13.0,0.0,0,0,0,0
2015-11-23,63.0,48.0,32.0,92.0,61.0,30.0,10.0,10.0,10.0,9.0,2.0,14.0,0.0,0,0,0,0
2015-11-24,64.0,56.0,47.0,80.0,74.0,67.0,10.0,10.0,10.0,9.0,3.0,16.0,0.0,0,0,0,0
2015-11-25,74.0,68.0,62.0,93.0,77.0,61.0,10.0,10.0,5.0,14.0,5.0,22.0,0.0,0,1,0,0
2015-11-26,74.0,71.0,68.0,100.0,91.0,81.0,10.0,8.0,2.0,14.0,7.0,20.0,0.26,0,1,0,0
2015-11-27,74.0,58.0,41.0,100.0,94.0,87.0,10.0,6.0,0.0,15.0,7.0,22.0,1.46,1,1,0,0
2015-11-28,44.0,42.0,39.0,100.0,91.0,82.0,10.0,9.0,4.0,13.0,7.0,19.0,0.25,0,1,0,0
2015-11-29,47.0,45.0,42.0,96.0,91.0,86.0,10.0,8.0,2.0,9.0,4.0,15.0,0.04,0,1,0,0
2015-11-30,55.0,50.0,45.0,100.0,86.0,72.0,10.0,10.0,4.0,7.0,2.0,11.0,0.0,0,0,0,0
2015-12-01,59.0,53.0,46.0,93.0,72.0,51.0,10.0,10.0,10.0,7.0,2.0,12.0,0.0,0,0,0,0
2015-12-02,68.0,55.0,42.0,100.0,65.0,29.0,10.0,10.0,0.0,9.0,3.0,14.0,0.0,1,0,0,0
2015-12-03,63.0,52.0,40.0,86.0,61.0,36.0,10.0,10.0,10.0,8.0,1.0,12.0,0.0,0,0,0,0
2015-12-04,63.0,50.0,37.0,92.0,66.0,39.0,10.0,10.0,10.0,9.0,2.0,13.0,0.0,0,0,0,0
2015-12-05,65.0,51.0,37.0,92.0,66.0,40.0,10.0,10.0,10.0,9.0,2.0,14.0,0.0,0,0,0,0
2015-12-06,70.0,57.0,44.0,93.0,71.0,49.0,10.0,10.0,9.0,10.0,2.0,16.0,0.0,0,0,0,0
2015-12-07,69.0,57.0,44.0,92.0,64.0,35.0,10.0,10.0,4.0,7.0,1.0,12.0,0.0,0,0,0,0
2015-12-08,75.0,59.0,42.0,96.0,70.0,43.0,10.0,10.0,8.0,12.0,3.0,21.0,0.0,0,0,0,0
2015-12-09,76.0,62.0,47.0,93.0,61.0,29.0,10.0,10.0,8.0,8.0,2.0,13.0,0.0,0,0,0,0
2015-12-10,78.0,65.0,51.0,100.0,78.0,56.0,10.0,8.0,2.0,10.0,4.0,19.0,0.0,0,0,0,0
2015-12-11,79.0,66.0,52.0,100.0,79.0,58.0,10.0,6.0,0.0,14.0,6.0,23.0,0.0,1,0,0,0
2015-12-12,75.0,73.0,70.0,90.0,85.0,79.0,10.0,9.0,6.0,17.0,9.0,29.0,0.01,0,1,0,0
2015-12-13,74.0,60.0,46.0,96.0,84.0,72.0,10.0,6.0,1.0,23.0,4.0,37.0,1.54,0,1,0,0
2015-12-14,75.0,59.0,42.0,89.0,57.0,25.0,10.0,10.0,10.0,10.0,3.0,18.0,0.0,0,0,0,0
2015-12-15,75.0,64.0,53.0,100.0,86.0,71.0,10.0,10.0,8.0,9.0,4.0,16.0,0.0,0,0,0,0
2015-12-16,63.0,55.0,46.0,53.0,40.0,27.0,10.0,10.0,10.0,15.0,8.0,26.0,0.0,0,0,0,0
2015-12-17,68.0,54.0,39.0,79.0,54.0,28.0,10.0,10.0,10.0,14.0,4.0,25.0,0.0,0,0,0,0
2015-12-18,58.0,46.0,34.0,76.0,55.0,33.0,10.0,10.0,10.0,13.0,3.0,24.0,0.0,0,0,0,0
2015-12-19,66.0,51.0,36.0,92.0,68.0,44.0,10.0,10.0,10.0,13.0,4.0,20.0,0.0,0,0,0,0
2015-12-20,67.0,59.0,51.0,100.0,89.0,78.0,10.0,10.0,5.0,13.0,5.0,25.0,0.0,0,1,0,0
2015-12-21,76.0,65.0,54.0,93.0,79.0,64.0,10.0,9.0,5.0,8.0,2.0,15.0,0.0,0,0,0,0
2015-12-22,79.0,64.0,49.0,93.0,69.0,45.0,10.0,10.0,10.0,13.0,5.0,20.0,0.0,0,0,0,0
2015-12-23,81.0,67.0,53.0,93.0,59.0,25.0,10.0,9.0,3.0,15.0,3.0,24.0,0.0,0,0,0,0
2015-12-24,74.0,63.0,52.0,93.0,81.0,68.0,10.0,9.0,4.0,10.0,1.0,16.0,0.0,0,0,0,0
2015-12-25,70.0,61.0,51.0,93.0,77.0,61.0,10.0,9.0,6.0,9.0,2.0,17.0,0.0,0,0,0,0
2015-12-26,78.0,74.0,70.0,93.0,85.0,76.0,10.0,9.0,5.0,21.0,10.0,31.0,0.1,0,1,0,0
2015-12-27,73.0,55.0,36.0,93.0,89.0,84.0,10.0,8.0,1.0,21.0,10.0,33.0,1.32,0,1,0,1
2015-12-28,46.0,41.0,36.0,92.0,75.0,58.0,10.0,10.0,10.0,21.0,8.0,35.0,0.0,0,0,0,0
2015-12-29,49.0,43.0,37.0,92.0,74.0,56.0,10.0,8.0,3.0,8.0,3.0,11.0,0.03,0,1,0,0
2015-12-30,57.0,49.0,41.0,100.0,80.0,59.0,10.0,7.0,3.0,9.0,4.0,14.0,0.0,0,1,0,0
2015-12-31,53.0,46.0,39.0,93.0,78.0,63.0,10.0,10.0,10.0,13.0,6.0,20.0,0.0,0,0,0,0
2016-01-01,48.0,46.0,44.0,66.0,60.0,53.0,10.0,10.0,10.0,15.0,8.0,24.0,0.0,0,1,0,0
2016-01-02,47.0,45.0,42.0,100.0,77.0,53.0,10.0,10.0,10.0,8.0,2.0,13.0,0.2,0,1,0,0
2016-01-03,62.0,52.0,41.0,96.0,70.0,43.0,10.0,10.0,10.0,9.0,3.0,14.0,0.0,0,1,0,0
2016-01-04,58.0,48.0,37.0,79.0,58.0,36.0,10.0,10.0,10.0,9.0,4.0,13.0,0.0,0,0,0,0
2016-01-05,56.0,46.0,36.0,85.0,68.0,51.0,10.0,10.0,10.0,9.0,3.0,12.0,0.0,0,1,0,0
2016-01-06,53.0,50.0,46.0,100.0,86.0,71.0,10.0,5.0,1.0,9.0,3.0,13.0,0.13,0,1,0,1
2016-01-07,73.0,61.0,49.0,100.0,71.0,41.0,10.0,5.0,0.0,9.0,2.0,13.0,0.0,1,0,0,0
2016-01-08,66.0,55.0,44.0,100.0,86.0,72.0,10.0,7.0,2.0,13.0,3.0,18.0,0.0,0,0,0,1
2016-01-09,58.0,48.0,38.0,71.0,59.0,46.0,10.0,10.0,10.0,18.0,9.0,30.0,0.0,0,0,0,0
2016-01-10,50.0,42.0,33.0,82.0,61.0,39.0,10.0,10.0,10.0,12.0,4.0,16.0,0.0,0,0,0,0
2016-01-11,56.0,45.0,34.0,82.0,59.0,35.0,10.0,10.0,10.0,7.0,1.0,9.0,0.0,0,0,0,0
2016-01-12,66.0,50.0,34.0,89.0,58.0,27.0,10.0,10.0,10.0,10.0,2.0,16.0,0.0,0,0,0,0
2016-01-13,66.0,52.0,38.0,92.0,68.0,43.0,10.0,10.0,10.0,10.0,2.0,17.0,0.0,0,0,0,0
2016-01-14,70.0,59.0,47.0,93.0,75.0,57.0,10.0,10.0,10.0,12.0,3.0,19.0,0.0,0,0,0,0
2016-01-15,70.0,59.0,48.0,93.0,58.0,22.0,10.0,10.0,10.0,10.0,3.0,17.0,0.0,0,0,0,0
2016-01-16,64.0,54.0,43.0,76.0,61.0,46.0,10.0,10.0,10.0,20.0,5.0,29.0,0.0,0,1,0,0
2016-01-17,57.0,45.0,32.0,89.0,65.0,41.0,10.0,10.0,10.0,12.0,3.0,18.0,0.0,0,0,0,0
2016-01-18,59.0,48.0,36.0,92.0,70.0,47.0,10.0,10.0,10.0,8.0,2.0,12.0,0.0,0,0,0,0
2016-01-19,69.0,56.0,43.0,100.0,78.0,55.0,10.0,7.0,2.0,14.0,4.0,26.0,0.0,0,0,0,0
2016-01-20,57.0,51.0,45.0,89.0,70.0,50.0,10.0,10.0,9.0,12.0,4.0,17.0,0.0,0,0,0,0
2016-01-21,64.0,54.0,43.0,100.0,66.0,32.0,10.0,6.0,1.0,22.0,7.0,36.0,0.01,0,1,0,0
2016-01-22,54.0,46.0,37.0,70.0,56.0,41.0,10.0,10.0,10.0,18.0,8.0,26.0,0.0,0,0,0,0
2016-01-23,57.0,44.0,31.0,85.0,61.0,36.0,10.0,10.0,10.0,8.0,3.0,12.0,0.0,0,0,0,0
2016-01-24,70.0,53.0,35.0,82.0,61.0,40.0,10.0,10.0,10.0,14.0,5.0,24.0,0.0,0,0,0,0
2016-01-25,75.0,66.0,56.0,93.0,66.0,38.0,10.0,10.0,10.0,10.0,4.0,20.0,0.0,0,0,0,0
2016-01-26,58.0,51.0,43.0,58.0,50.0,41.0,10.0,10.0,10.0,18.0,10.0,30.0,0.0,0,1,0,0
2016-01-27,59.0,48.0,36.0,70.0,47.0,24.0,10.0,10.0,10.0,14.0,5.0,21.0,0.0,0,0,0,0
2016-01-28,71.0,52.0,32.0,82.0,53.0,23.0,10.0,10.0,10.0,10.0,2.0,17.0,0.0,0,0,0,0
2016-01-29,76.0,57.0,38.0,85.0,53.0,21.0,10.0,10.0,10.0,14.0,4.0,24.0,0.0,0,0,0,0
2016-01-30,77.0,62.0,46.0,84.0,59.0,33.0,10.0,10.0,10.0,14.0,6.0,25.0,0.0,0,0,0,0
2016-01-31,86.0,72.0,58.0,93.0,55.0,17.0,10.0,10.0,10.0,12.0,5.0,19.0,0.0,0,0,0,0
2016-02-01,77.0,66.0,54.0,100.0,73.0,46.0,10.0,7.0,0.0,18.0,8.0,28.0,0.0,1,0,0,0
2016-02-02,72.0,62.0,51.0,37.0,28.0,18.0,10.0,10.0,5.0,16.0,6.0,23.0,0.0,0,0,0,0
2016-02-03,58.0,49.0,39.0,54.0,41.0,28.0,10.0,10.0,10.0,15.0,7.0,23.0,0.0,0,0,0,0
2016-02-04,59.0,47.0,34.0,75.0,49.0,23.0,10.0,10.0,10.0,8.0,3.0,12.0,0.0,0,0,0,0
2016-02-05,62.0,48.0,33.0,70.0,47.0,24.0,10.0,10.0,10.0,15.0,4.0,22.0,0.0,0,0,0,0
2016-02-06,60.0,51.0,39.0,79.0,51.0,28.0,10.0,10.0,10.0,15.0,7.0,29.0,0.0,0,1,0,1
2016-02-07,68.0,50.0,32.0,96.0,62.0,28.0,10.0,10.0,6.0,13.0,3.0,21.0,0.0,0,0,0,0
2016-02-08,65.0,56.0,46.0,58.0,37.0,15.0,10.0,10.0,10.0,17.0,8.0,29.0,0.0,0,0,0,0
2016-02-09,74.0,57.0,39.0,59.0,40.0,20.0,10.0,10.0,10.0,14.0,6.0,23.0,0.0,0,0,0,0
2016-02-10,74.0,56.0,38.0,82.0,54.0,25.0,10.0,10.0,10.0,9.0,3.0,16.0,0.0,0,0,0,0
2016-02-11,83.0,68.0,52.0,52.0,36.0,20.0,10.0,10.0,10.0,13.0,5.0,20.0,0.0,0,0,0,0
2016-02-12,79.0,63.0,47.0,93.0,60.0,27.0,10.0,10.0,10.0,10.0,3.0,19.0,0.0,0,0,0,0
2016-02-13,75.0,64.0,52.0,78.0,60.0,42.0,10.0,10.0,10.0,15.0,6.0,24.0,0.0,0,0,0,0
2016-02-14,75.0,66.0,57.0,93.0,71.0,49.0,10.0,10.0,9.0,15.0,6.0,26.0,0.0,0,0,0,0
2016-02-15,74.0,62.0,50.0,90.0,59.0,27.0,10.0,10.0,10.0,16.0,5.0,25.0,0.0,0,0,0,0
2016-02-16,82.0,63.0,43.0,71.0,49.0,26.0,10.0,10.0,10.0,12.0,4.0,19.0,0.0,0,0,0,0
2016-02-17,75.0,63.0,50.0,44.0,35.0,25.0,10.0,10.0,10.0,13.0,6.0,21.0,0.0,0,0,0,0
2016-02-18,79.0,67.0,54.0,93.0,68.0,42.0,10.0,10.0,7.0,16.0,9.0,29.0,0.0,0,0,0,0
2016-02-19,81.0,73.0,64.0,81.0,63.0,45.0,10.0,10.0,10.0,16.0,8.0,28.0,0.0,0,0,0,0
2016-02-20,76.0,71.0,66.0,87.0,76.0,64.0,10.0,10.0,7.0,14.0,6.0,21.0,0.0,0,0,0,0
2016-02-21,71.0,68.0,65.0,93.0,86.0,79.0,10.0,10.0,8.0,9.0,3.0,16.0,0.01,0,1,0,0
2016-02-22,72.0,65.0,57.0,90.0,74.0,57.0,10.0,10.0,7.0,12.0,4.0,18.0,0.0,0,0,0,0
2016-02-23,61.0,54.0,47.0,93.0,76.0,59.0,10.0,8.0,1.0,23.0,9.0,37.0,1.33,0,1,0,1
2016-02-24,65.0,54.0,42.0,76.0,49.0,21.0,10.0,10.0,10.0,18.0,7.0,28.0,0.0,0,0,0,0
2016-02-25,69.0,54.0,38.0,79.0,53.0,26.0,10.0,10.0,10.0,13.0,5.0,19.0,0.0,0,0,0,0
2016-02-26,64.0,53.0,41.0,56.0,42.0,27.0,10.0,10.0,10.0,10.0,3.0,16.0,0.0,0,0,0,0
2016-02-27,73.0,58.0,42.0,82.0,62.0,42.0,10.0,10.0,10.0,14.0,5.0,21.0,0.0,0,0,0,0
2016-02-28,78.0,67.0,55.0,93.0,72.0,50.0,10.0,10.0,10.0,13.0,7.0,23.0,0.0,0,0,0,0
2016-02-29,77.0,70.0,62.0,93.0,72.0,50.0,10.0,10.0,10.0,13.0,6.0,22.0,0.0,0,0,0,0
2016-03-01,81.0,70.0,59.0,87.0,62.0,36.0,10.0,10.0,10.0,16.0,8.0,28.0,0.0,0,0,0,0
2016-03-02,78.0,64.0,49.0,81.0,59.0,36.0,10.0,10.0,8.0,16.0,6.0,25.0,0.0,0,0,0,0
2016-03-03,83.0,73.0,62.0,87.0,53.0,18.0,10.0,10.0,9.0,17.0,7.0,28.0,0.0,0,0,0,0
2016-03-04,76.0,61.0,45.0,71.0,48.0,25.0,10.0,10.0,10.0,12.0,4.0,22.0,0.0,0,0,0,0
2016-03-05,79.0,68.0,57.0,93.0,66.0,39.0,10.0,10.0,10.0,12.0,6.0,18.0,0.0,0,0,0,0
2016-03-06,77.0,68.0,58.0,93.0,74.0,54.0,10.0,9.0,5.0,16.0,9.0,26.0,0.0,0,0,0,0
2016-03-07,76.0,70.0,64.0,87.0,76.0,64.0,10.0,9.0,2.0,21.0,11.0,33.0,0.01,0,1,0,0
2016-03-08,83.0,76.0,68.0,90.0,74.0,58.0,10.0,8.0,1.0,17.0,9.0,30.0,0.22,0,1,0,1
2016-03-09,71.0,65.0,59.0,100.0,92.0,84.0,10.0,6.0,1.0,15.0,8.0,27.0,2.18,0,1,0,1
2016-03-10,64.0,61.0,58.0,93.0,92.0,90.0,10.0,8.0,2.0,16.0,8.0,26.0,0.4,0,1,0,0
2016-03-11,71.0,65.0,59.0,100.0,87.0,73.0,10.0,7.0,2.0,9.0,3.0,15.0,0.36,0,1,0,1
2016-03-12,74.0,66.0,57.0,100.0,75.0,49.0,10.0,10.0,8.0,9.0,4.0,16.0,0.0,0,1,0,0
2016-03-13,85.0,71.0,56.0,97.0,59.0,20.0,10.0,8.0,2.0,15.0,4.0,25.0,0.0,0,0,0,0
2016-03-14,92.0,73.0,54.0,73.0,48.0,23.0,10.0,10.0,10.0,14.0,5.0,26.0,0.0,0,0,0,0
2016-03-15,92.0,80.0,67.0,100.0,59.0,18.0,10.0,7.0,3.0,12.0,6.0,20.0,0.0,0,0,0,0
2016-03-16,81.0,71.0,61.0,84.0,61.0,37.0,10.0,9.0,5.0,13.0,5.0,17.0,0.0,0,0,0,0
2016-03-17,79.0,73.0,67.0,90.0,76.0,62.0,10.0,6.0,1.0,7.0,4.0,12.0,0.02,0,1,0,0
2016-03-18,79.0,68.0,56.0,100.0,85.0,69.0,10.0,7.0,2.0,17.0,5.0,25.0,0.07,0,1,0,1
2016-03-19,62.0,55.0,47.0,72.0,52.0,31.0,10.0,10.0,10.0,18.0,11.0,29.0,0.0,0,0,0,0
2016-03-20,64.0,53.0,42.0,62.0,44.0,25.0,10.0,10.0,10.0,15.0,5.0,23.0,0.0,0,0,0,0
2016-03-21,68.0,52.0,35.0,82.0,57.0,32.0,10.0,10.0,10.0,12.0,4.0,20.0,0.0,0,0,0,0
2016-03-22,78.0,62.0,45.0,86.0,67.0,47.0,10.0,10.0,10.0,17.0,9.0,31.0,0.0,0,0,0,0
2016-03-23,82.0,74.0,65.0,87.0,71.0,54.0,10.0,10.0,7.0,15.0,9.0,27.0,0.05,0,0,0,0
2016-03-24,70.0,59.0,48.0,72.0,51.0,30.0,10.0,8.0,2.0,17.0,8.0,28.0,0.15,0,1,0,1
2016-03-25,73.0,57.0,41.0,89.0,60.0,31.0,10.0,10.0,10.0,12.0,4.0,19.0,0.0,0,0,0,0
2016-03-26,74.0,61.0,48.0,93.0,75.0,57.0,10.0,9.0,5.0,13.0,4.0,20.0,0.0,0,0,0,0
2016-03-27,74.0,65.0,56.0,100.0,70.0,40.0,10.0,8.0,2.0,15.0,5.0,24.0,0.0,0,1,0,0
2016-03-28,75.0,62.0,48.0,71.0,51.0,31.0,10.0,10.0,10.0,10.0,4.0,18.0,0.0,0,0,0,0
2016-03-29,69.0,64.0,58.0,100.0,76.0,52.0,10.0,5.0,2.0,13.0,6.0,22.0,0.02,0,1,0,0
2016-03-30,77.0,73.0,68.0,100.0,88.0,76.0,10.0,5.0,2.0,14.0,7.0,24.0,0.03,0,1,0,0
2016-03-31,86.0,76.0,66.0,97.0,59.0,20.0,10.0,7.0,2.0,12.0,5.0,18.0,0.0,0,0,0,0
2016-04-01,66.0,59.0,51.0,72.0,57.0,42.0,10.0,9.0,2.0,21.0,8.0,37.0,0.34,0,1,0,1
2016-04-02,74.0,60.0,45.0,76.0,50.0,23.0,10.0,10.0,10.0,13.0,5.0,20.0,0.0,0,0,0,0
2016-04-03,79.0,62.0,44.0,89.0,58.0,27.0,10.0,10.0,10.0,12.0,3.0,17.0,0.0,0,0,0,0
2016-04-04,83.0,68.0,53.0,66.0,48.0,30.0,10.0,10.0,10.0,12.0,4.0,18.0,0.0,0,0,0,0
2016-04-05,82.0,68.0,53.0,66.0,50.0,33.0,10.0,10.0,10.0,15.0,5.0,25.0,0.0,0,0,0,0
2016-04-06,82.0,69.0,55.0,90.0,56.0,21.0,10.0,10.0,10.0,15.0,6.0,23.0,0.0,0,0,0,0
2016-04-07,85.0,67.0,48.0,86.0,55.0,23.0,10.0,10.0,10.0,9.0,3.0,19.0,0.0,0,0,0,0
2016-04-08,80.0,68.0,55.0,77.0,51.0,25.0,10.0,10.0,10.0,12.0,4.0,19.0,0.0,0,0,0,0
2016-04-09,77.0,68.0,58.0,84.0,63.0,41.0,10.0,10.0,2.0,16.0,5.0,26.0,0.02,0,1,0,1
2016-04-10,79.0,72.0,65.0,87.0,75.0,62.0,10.0,10.0,10.0,21.0,8.0,32.0,0.0,0,0,0,0
2016-04-11,89.0,80.0,70.0,93.0,74.0,55.0,10.0,10.0,6.0,15.0,5.0,26.0,0.0,0,0,0,0
2016-04-12,73.0,68.0,62.0,93.0,83.0,73.0,10.0,8.0,1.0,15.0,7.0,26.0,1.19,0,1,0,1
2016-04-13,72.0,65.0,58.0,100.0,83.0,66.0,10.0,8.0,2.0,10.0,4.0,20.0,0.4,0,1,0,0
2016-04-14,77.0,66.0,54.0,100.0,75.0,50.0,10.0,6.0,0.0,10.0,4.0,17.0,0.0,1,0,0,0
2016-04-15,79.0,67.0,54.0,100.0,77.0,54.0,10.0,8.0,4.0,14.0,5.0,22.0,0.0,0,0,0,0
2016-04-16,75.0,70.0,64.0,100.0,92.0,84.0,10.0,7.0,1.0,16.0,8.0,28.0,0.25,0,1,0,0
2016-04-17,78.0,71.0,64.0,97.0,90.0,82.0,10.0,5.0,0.0,16.0,6.0,25.0,1.34,1,1,0,1
2016-04-18,75.0,69.0,63.0,100.0,87.0,73.0,10.0,6.0,1.0,13.0,4.0,23.0,1.13,0,1,0,1
2016-04-19,81.0,72.0,62.0,100.0,79.0,58.0,10.0,6.0,1.0,8.0,2.0,13.0,0.0,0,0,0,0
2016-04-20,81.0,71.0,60.0,93.0,72.0,51.0,10.0,9.0,2.0,20.0,4.0,35.0,0.58,0,1,0,1
2016-04-21,83.0,72.0,60.0,93.0,70.0,47.0,10.0,8.0,2.0,17.0,5.0,25.0,0.41,0,1,0,1
2016-04-22,84.0,72.0,60.0,93.0,63.0,33.0,10.0,10.0,10.0,12.0,4.0,16.0,0.0,0,0,0,0
2016-04-23,83.0,69.0,55.0,87.0,61.0,34.0,10.0,10.0,10.0,9.0,3.0,17.0,0.0,0,0,0,0
2016-04-24,79.0,71.0,63.0,93.0,79.0,64.0,10.0,10.0,10.0,13.0,6.0,20.0,0.0,0,0,0,0
2016-04-25,88.0,79.0,70.0,93.0,76.0,59.0,10.0,10.0,6.0,15.0,7.0,25.0,0.0,0,0,0,1
2016-04-26,86.0,79.0,72.0,93.0,77.0,61.0,10.0,8.0,4.0,17.0,9.0,27.0,0.0,0,0,0,0
2016-04-27,90.0,76.0,62.0,93.0,54.0,15.0,10.0,8.0,1.0,16.0,5.0,37.0,0.54,0,1,0,1
2016-04-28,87.0,75.0,63.0,93.0,71.0,48.0,10.0,8.0,2.0,15.0,7.0,25.0,0.0,0,0,0,0
2016-04-29,84.0,80.0,75.0,94.0,82.0,70.0,10.0,7.0,3.0,14.0,7.0,23.0,0.0,0,1,0,0
2016-04-30,86.0,76.0,66.0,94.0,73.0,51.0,10.0,8.0,0.0,13.0,4.0,23.0,0.92,1,1,0,1
2016-05-01,78.0,72.0,66.0,87.0,69.0,50.0,10.0,10.0,10.0,13.0,7.0,22.0,0.0,0,0,0,0
2016-05-02,70.0,64.0,57.0,80.0,68.0,55.0,10.0,10.0,10.0,15.0,7.0,25.0,0.0,0,1,0,1
2016-05-03,78.0,67.0,55.0,86.0,60.0,33.0,10.0,10.0,10.0,12.0,4.0,19.0,0.0,0,0,0,0
2016-05-04,87.0,71.0,54.0,89.0,57.0,25.0,10.0,10.0,10.0,13.0,5.0,19.0,0.0,0,0,0,0
2016-05-05,89.0,74.0,59.0,72.0,51.0,29.0,10.0,10.0,10.0,8.0,4.0,15.0,0.0,0,0,0,0
2016-05-06,86.0,71.0,56.0,86.0,60.0,34.0,10.0,10.0,10.0,10.0,3.0,19.0,0.0,0,0,0,0
2016-05-07,85.0,73.0,60.0,90.0,65.0,40.0,10.0,10.0,10.0,17.0,6.0,29.0,0.0,0,0,0,0
2016-05-08,73.0,70.0,67.0,97.0,88.0,78.0,10.0,10.0,3.0,17.0,8.0,27.0,0.11,0,1,0,0
2016-05-09,87.0,77.0,67.0,87.0,69.0,50.0,10.0,10.0,7.0,16.0,7.0,30.0,0.0,0,0,0,0
2016-05-10,91.0,79.0,66.0,93.0,75.0,56.0,10.0,6.0,2.0,17.0,8.0,29.0,0.27,0,1,0,1
2016-05-11,87.0,76.0,65.0,87.0,76.0,65.0,10.0,8.0,2.0,18.0,6.0,26.0,0.33,0,1,0,1
2016-05-12,84.0,76.0,68.0,93.0,78.0,62.0,10.0,9.0,2.0,17.0,4.0,29.0,0.11,0,1,0,1
2016-05-13,87.0,79.0,71.0,79.0,69.0,58.0,10.0,10.0,10.0,8.0,4.0,13.0,0.0,0,0,0,0
2016-05-14,81.0,72.0,63.0,100.0,87.0,74.0,10.0,6.0,1.0,9.0,2.0,16.0,0.77,0,1,0,1
2016-05-15,72.0,67.0,62.0,93.0,83.0,72.0,10.0,9.0,4.0,9.0,4.0,15.0,0.23,0,1,0,0
2016-05-16,80.0,74.0,67.0,100.0,84.0,67.0,10.0,6.0,2.0,12.0,5.0,17.0,0.26,0,1,0,0
2016-05-17,82.0,74.0,65.0,100.0,83.0,65.0,10.0,6.0,1.0,20.0,5.0,31.0,0.2,0,1,0,1
2016-05-18,78.0,71.0,64.0,93.0,77.0,60.0,10.0,10.0,4.0,15.0,7.0,23.0,0.16,0,1,0,1
2016-05-19,76.0,69.0,61.0,100.0,84.0,68.0,10.0,5.0,1.0,15.0,5.0,29.0,2.25,0,1,0,1
2016-05-20,83.0,73.0,62.0,93.0,74.0,55.0,10.0,9.0,5.0,8.0,3.0,13.0,0.0,0,0,0,0
2016-05-21,83.0,77.0,70.0,87.0,81.0,74.0,10.0,10.0,8.0,9.0,4.0,16.0,0.0,0,0,0,0
2016-05-22,87.0,80.0,72.0,93.0,82.0,70.0,10.0,10.0,6.0,14.0,5.0,22.0,0.0,0,0,0,0
2016-05-23,85.0,78.0,71.0,93.0,84.0,74.0,10.0,9.0,2.0,14.0,7.0,22.0,0.01,0,1,0,0
2016-05-24,87.0,81.0,74.0,87.0,76.0,65.0,10.0,10.0,10.0,13.0,8.0,22.0,0.0,0,0,0,0
2016-05-25,86.0,82.0,77.0,88.0,81.0,74.0,10.0,8.0,5.0,13.0,6.0,22.0,0.0,0,0,0,0
2016-05-26,90.0,79.0,68.0,93.0,76.0,59.0,10.0,8.0,5.0,16.0,7.0,28.0,0.52,0,1,0,1
2016-05-27,77.0,71.0,65.0,100.0,87.0,74.0,10.0,8.0,2.0,12.0,6.0,21.0,0.35,0,1,0,1
2016-05-28,91.0,78.0,65.0,100.0,79.0,57.0,10.0,6.0,0.0,13.0,5.0,19.0,0.02,1,1,0,1
2016-05-29,88.0,79.0,70.0,100.0,78.0,55.0,10.0,8.0,3.0,14.0,6.0,21.0,0.18,0,1,0,1
2016-05-30,89.0,78.0,66.0,93.0,67.0,40.0,10.0,8.0,2.0,13.0,5.0,19.0,0.31,0,1,0,1
2016-05-31,82.0,75.0,67.0,100.0,85.0,69.0,10.0,8.0,1.0,14.0,3.0,22.0,1.07,0,1,0,1
2016-06-01,87.0,78.0,68.0,97.0,75.0,53.0,10.0,6.0,1.0,10.0,2.0,16.0,0.19,0,1,0,0
2016-06-02,84.0,76.0,68.0,100.0,76.0,51.0,10.0,7.0,1.0,10.0,4.0,18.0,0.36,0,1,0,1
2016-06-03,85.0,75.0,65.0,93.0,74.0,55.0,10.0,6.0,1.0,10.0,3.0,16.0,1.61,0,1,0,1
2016-06-04,86.0,77.0,67.0,100.0,76.0,51.0,10.0,9.0,2.0,13.0,5.0,20.0,0.1,0,1,0,0
2016-06-05,88.0,78.0,68.0,97.0,66.0,34.0,10.0,10.0,10.0,14.0,6.0,22.0,0.0,0,0,0,0
2016-06-06,90.0,80.0,70.0,68.0,53.0,38.0,10.0,10.0,10.0,13.0,4.0,20.0,0.0,0,0,0,0
2016-06-07,92.0,81.0,69.0,84.0,64.0,44.0,10.0,10.0,10.0,8.0,2.0,14.0,0.0,0,0,0,0
2016-06-08,92.0,81.0,70.0,93.0,71.0,49.0,10.0,10.0,7.0,12.0,3.0,18.0,0.0,0,0,0,0
2016-06-09,92.0,82.0,71.0,93.0,73.0,52.0,10.0,10.0,6.0,20.0,5.0,34.0,0.0,0,0,0,0
2016-06-10,91.0,80.0,69.0,97.0,77.0,56.0,10.0,10.0,9.0,10.0,3.0,14.0,0.0,0,0,0,0
2016-06-11,93.0,85.0,76.0,88.0,72.0,56.0,10.0,9.0,5.0,12.0,6.0,19.0,0.0,0,0,0,0
2016-06-12,94.0,86.0,77.0,91.0,74.0,56.0,10.0,10.0,8.0,14.0,6.0,22.0,0.0,0,0,0,0
2016-06-13,94.0,85.0,76.0,91.0,76.0,60.0,10.0,10.0,10.0,12.0,5.0,18.0,0.0,0,0,0,0
2016-06-14,94.0,86.0,78.0,85.0,71.0,56.0,10.0,10.0,8.0,12.0,6.0,21.0,0.0,0,0,0,0
2016-06-15,96.0,87.0,78.0,85.0,66.0,46.0,10.0,8.0,6.0,13.0,7.0,23.0,0.0,0,0,0,0
2016-06-16,96.0,86.0,75.0,94.0,71.0,48.0,10.0,9.0,6.0,14.0,6.0,22.0,0.0,0,0,0,0
2016-06-17,97.0,87.0,76.0,94.0,70.0,46.0,10.0,10.0,9.0,10.0,6.0,19.0,0.0,0,0,0,0
2016-06-18,96.0,86.0,76.0,88.0,67.0,46.0,10.0,9.0,7.0,10.0,4.0,16.0,0.0,0,0,0,0
2016-06-19,94.0,86.0,77.0,85.0,67.0,49.0,10.0,10.0,10.0,12.0,4.0,17.0,0.0,0,0,0,0
2016-06-20,95.0,85.0,75.0,87.0,65.0,43.0,10.0,10.0,10.0,9.0,4.0,17.0,0.0,0,0,0,0
2016-06-21,96.0,86.0,75.0,87.0,66.0,45.0,10.0,10.0,10.0,9.0,4.0,16.0,0.0,0,0,0,0
2016-06-22,96.0,86.0,76.0,94.0,72.0,49.0,10.0,10.0,3.0,13.0,6.0,22.0,0.0,0,0,0,0
2016-06-23,95.0,85.0,75.0,94.0,70.0,46.0,10.0,10.0,10.0,14.0,6.0,22.0,0.0,0,0,0,0
2016-06-24,93.0,84.0,75.0,94.0,73.0,52.0,10.0,10.0,10.0,13.0,6.0,20.0,0.0,0,0,0,0
2016-06-25,88.0,83.0,77.0,94.0,81.0,68.0,10.0,10.0,7.0,10.0,5.0,16.0,0.02,0,1,0,1
2016-06-26,95.0,86.0,76.0,100.0,73.0,46.0,10.0,9.0,5.0,13.0,5.0,19.0,0.0,0,0,0,0
2016-06-27,96.0,86.0,75.0,87.0,65.0,42.0,10.0,10.0,10.0,8.0,2.0,15.0,0.0,0,0,0,0
2016-06-28,101.0,87.0,72.0,100.0,69.0,37.0,10.0,9.0,1.0,26.0,3.0,39.0,0.33,0,1,0,1
2016-06-29,96.0,84.0,71.0,93.0,66.0,39.0,10.0,10.0,10.0,9.0,2.0,13.0,0.0,0,0,0,0
2016-06-30,94.0,85.0,76.0,88.0,65.0,41.0,10.0,10.0,10.0,10.0,4.0,17.0,0.0,0,0,0,0
2016-07-01,96.0,85.0,74.0,93.0,70.0,46.0,10.0,10.0,8.0,10.0,5.0,17.0,0.0,0,0,0,0
2016-07-02,98.0,87.0,76.0,88.0,67.0,45.0,10.0,10.0,9.0,14.0,7.0,23.0,0.0,0,0,0,0
2016-07-03,98.0,88.0,78.0,85.0,67.0,48.0,10.0,10.0,10.0,15.0,8.0,25.0,0.0,0,0,0,0
2016-07-04,99.0,90.0,80.0,85.0,62.0,39.0,10.0,10.0,10.0,14.0,8.0,24.0,0.0,0,0,0,0
2016-07-05,99.0,89.0,79.0,85.0,65.0,45.0,10.0,9.0,0.0,16.0,8.0,26.0,0.0,0,0,0,0
2016-07-06,100.0,90.0,79.0,91.0,68.0,45.0,10.0,10.0,10.0,16.0,8.0,28.0,0.0,0,0,0,0
2016-07-07,99.0,89.0,79.0,85.0,64.0,42.0,10.0,10.0,5.0,16.0,9.0,26.0,0.0,0,0,0,0
2016-07-08,100.0,90.0,79.0,85.0,64.0,42.0,10.0,10.0,10.0,14.0,7.0,23.0,0.0,0,0,0,0
2016-07-09,99.0,89.0,78.0,91.0,65.0,39.0,10.0,10.0,8.0,13.0,7.0,23.0,0.0,0,0,0,0
2016-07-10,97.0,87.0,77.0,91.0,67.0,42.0,10.0,9.0,6.0,14.0,6.0,25.0,0.04,0,1,0,1
2016-07-11,100.0,90.0,79.0,85.0,60.0,35.0,10.0,10.0,9.0,17.0,9.0,31.0,0.0,0,0,0,0
2016-07-12,100.0,89.0,77.0,88.0,64.0,39.0,10.0,10.0,10.0,17.0,9.0,28.0,0.0,0,0,0,0
2016-07-13,101.0,91.0,80.0,85.0,64.0,42.0,10.0,10.0,10.0,15.0,8.0,25.0,0.0,0,0,0,0
2016-07-14,101.0,89.0,77.0,88.0,64.0,40.0,10.0,10.0,10.0,17.0,8.0,24.0,0.0,0,0,0,0
2016-07-15,101.0,90.0,78.0,91.0,62.0,33.0,10.0,10.0,9.0,13.0,7.0,22.0,0.0,0,0,0,0
2016-07-16,100.0,88.0,76.0,94.0,66.0,38.0,10.0,10.0,9.0,12.0,5.0,20.0,0.0,0,0,0,0
2016-07-17,99.0,88.0,76.0,88.0,63.0,38.0,10.0,10.0,10.0,12.0,7.0,20.0,0.0,0,0,0,0
2016-07-18,99.0,89.0,78.0,91.0,65.0,39.0,10.0,10.0,10.0,14.0,5.0,23.0,0.0,0,0,0,0
2016-07-19,100.0,89.0,77.0,85.0,64.0,42.0,10.0,10.0,10.0,15.0,5.0,24.0,0.0,0,0,0,0
2016-07-20,101.0,89.0,77.0,88.0,62.0,35.0,10.0,10.0,10.0,13.0,5.0,22.0,0.0,0,0,0,0
2016-07-21,101.0,89.0,76.0,87.0,60.0,33.0,10.0,10.0,10.0,12.0,4.0,20.0,0.0,0,0,0,0
2016-07-22,102.0,89.0,76.0,87.0,59.0,31.0,10.0,10.0,10.0,12.0,4.0,17.0,0.0,0,0,0,0
2016-07-23,101.0,90.0,78.0,85.0,60.0,35.0,10.0,10.0,10.0,13.0,6.0,21.0,0.0,0,0,0,0
2016-07-24,101.0,90.0,78.0,91.0,64.0,37.0,10.0,10.0,10.0,13.0,5.0,21.0,0.0,0,0,0,0
2016-07-25,102.0,89.0,76.0,94.0,66.0,37.0,10.0,9.0,2.0,21.0,3.0,33.0,0.76,0,1,0,1
2016-07-26,93.0,84.0,75.0,100.0,76.0,52.0,10.0,7.0,1.0,9.0,2.0,17.0,0.08,0,1,0,1
2016-07-27,92.0,83.0,74.0,100.0,78.0,55.0,10.0,6.0,0.0,16.0,3.0,26.0,1.06,1,1,0,1
2016-07-28,97.0,86.0,75.0,94.0,70.0,46.0,10.0,10.0,8.0,22.0,3.0,30.0,0.0,0,0,0,1
2016-07-29,96.0,85.0,74.0,91.0,67.0,43.0,10.0,10.0,10.0,9.0,4.0,17.0,0.0,0,0,0,0
2016-07-30,97.0,87.0,76.0,100.0,71.0,42.0,10.0,10.0,10.0,12.0,5.0,18.0,0.0,0,0,0,0
2016-07-31,98.0,88.0,78.0,91.0,66.0,40.0,10.0,10.0,10.0,13.0,6.0,21.0,0.0,0,0,0,0
2016-08-01,99.0,87.0,75.0,94.0,62.0,29.0,10.0,10.0,10.0,13.0,6.0,22.0,0.0,0,0,0,0
2016-08-02,98.0,87.0,75.0,94.0,67.0,39.0,10.0,10.0,10.0,12.0,5.0,19.0,0.0,0,0,0,0
2016-08-03,99.0,88.0,76.0,94.0,68.0,42.0,10.0,10.0,10.0,10.0,4.0,18.0,0.0,0,0,0,0
2016-08-04,99.0,88.0,76.0,88.0,65.0,42.0,10.0,10.0,10.0,12.0,5.0,20.0,0.0,0,0,0,0
2016-08-05,100.0,89.0,77.0,91.0,67.0,42.0,10.0,10.0,10.0,12.0,5.0,18.0,0.0,0,0,0,0
2016-08-06,100.0,89.0,77.0,88.0,63.0,38.0,10.0,10.0,10.0,12.0,4.0,18.0,0.0,0,0,0,0
2016-08-07,100.0,89.0,77.0,91.0,65.0,39.0,10.0,10.0,10.0,12.0,6.0,19.0,0.0,0,0,0,0
2016-08-08,100.0,89.0,78.0,91.0,65.0,39.0,10.0,10.0,10.0,10.0,5.0,20.0,0.0,0,0,0,0
2016-08-09,102.0,91.0,79.0,91.0,66.0,40.0,10.0,10.0,10.0,13.0,6.0,20.0,0.0,0,0,0,0
2016-08-10,102.0,92.0,81.0,91.0,64.0,37.0,10.0,10.0,10.0,12.0,5.0,20.0,0.0,0,0,0,0
2016-08-11,102.0,90.0,78.0,91.0,64.0,37.0,10.0,10.0,10.0,12.0,5.0,21.0,0.0,0,0,0,0
2016-08-12,105.0,92.0,79.0,91.0,63.0,35.0,10.0,10.0,9.0,15.0,5.0,24.0,0.0,0,0,0,0
2016-08-13,96.0,87.0,77.0,94.0,73.0,52.0,10.0,10.0,7.0,13.0,3.0,19.0,0.1,0,1,0,1
2016-08-14,84.0,78.0,71.0,100.0,90.0,79.0,10.0,7.0,1.0,15.0,3.0,24.0,0.92,0,1,0,1
2016-08-15,76.0,74.0,71.0,100.0,97.0,93.0,10.0,5.0,1.0,7.0,2.0,12.0,2.35,0,1,0,0
2016-08-16,83.0,77.0,71.0,100.0,90.0,79.0,10.0,6.0,0.0,10.0,3.0,16.0,1.79,1,1,0,1
2016-08-17,84.0,80.0,75.0,100.0,90.0,79.0,10.0,8.0,1.0,12.0,3.0,16.0,0.3,0,1,0,1
2016-08-18,88.0,81.0,74.0,100.0,84.0,68.0,10.0,9.0,1.0,12.0,2.0,18.0,0.17,0,1,0,0
2016-08-19,93.0,84.0,75.0,100.0,76.0,52.0,10.0,9.0,2.0,10.0,5.0,19.0,0.06,0,1,0,0
2016-08-20,83.0,78.0,73.0,94.0,87.0,79.0,10.0,8.0,1.0,10.0,4.0,17.0,0.74,0,1,0,1
2016-08-21,82.0,78.0,73.0,100.0,87.0,74.0,10.0,9.0,4.0,8.0,2.0,14.0,0.11,0,1,0,0
2016-08-22,91.0,83.0,75.0,94.0,75.0,56.0,10.0,9.0,2.0,13.0,4.0,20.0,0.04,0,1,0,0
2016-08-23,94.0,86.0,77.0,91.0,70.0,49.0,10.0,10.0,9.0,13.0,7.0,21.0,0.0,0,0,0,0
2016-08-24,93.0,85.0,76.0,94.0,72.0,49.0,10.0,10.0,5.0,13.0,6.0,21.0,0.0,0,0,0,0
2016-08-25,94.0,84.0,74.0,100.0,75.0,49.0,10.0,10.0,7.0,13.0,2.0,17.0,0.04,0,0,0,0
2016-08-26,93.0,84.0,75.0,94.0,73.0,52.0,10.0,10.0,10.0,13.0,3.0,20.0,0.0,0,0,0,0
2016-08-27,92.0,82.0,72.0,93.0,73.0,52.0,10.0,10.0,9.0,12.0,3.0,19.0,0.0,0,0,0,0
2016-08-28,92.0,83.0,73.0,91.0,72.0,52.0,10.0,9.0,1.0,12.0,3.0,22.0,0.16,0,1,0,0
2016-08-29,91.0,82.0,73.0,94.0,75.0,56.0,10.0,9.0,3.0,16.0,5.0,25.0,0.06,0,1,0,0
2016-08-30,92.0,83.0,73.0,94.0,73.0,52.0,10.0,10.0,10.0,12.0,4.0,16.0,0.0,0,0,0,0
2016-08-31,94.0,84.0,74.0,100.0,75.0,49.0,10.0,10.0,8.0,9.0,2.0,14.0,0.09,0,1,0,0
2016-09-01,96.0,86.0,75.0,94.0,70.0,46.0,10.0,10.0,8.0,10.0,4.0,15.0,0.0,0,0,0,0
2016-09-02,92.0,84.0,75.0,87.0,73.0,59.0,10.0,10.0,8.0,9.0,3.0,17.0,0.0,0,0,0,0
2016-09-03,92.0,83.0,73.0,94.0,73.0,52.0,10.0,9.0,5.0,10.0,3.0,17.0,0.0,0,0,0,0
2016-09-04,93.0,84.0,75.0,94.0,73.0,52.0,10.0,9.0,6.0,13.0,3.0,19.0,0.01,0,1,0,1
2016-09-05,94.0,84.0,73.0,94.0,77.0,59.0,10.0,10.0,9.0,14.0,5.0,19.0,0.0,0,1,0,1
2016-09-06,95.0,86.0,77.0,97.0,79.0,60.0,10.0,10.0,5.0,17.0,6.0,25.0,0.01,0,1,0,1
2016-09-07,96.0,87.0,78.0,97.0,75.0,52.0,10.0,10.0,8.0,13.0,6.0,20.0,0.0,0,0,0,0
2016-09-08,95.0,86.0,77.0,91.0,70.0,49.0,10.0,10.0,10.0,12.0,6.0,20.0,0.0,0,0,0,0
2016-09-09,95.0,86.0,77.0,94.0,72.0,49.0,10.0,10.0,10.0,13.0,6.0,20.0,0.0,0,0,0,0
2016-09-10,93.0,82.0,71.0,94.0,68.0,41.0,10.0,9.0,2.0,18.0,6.0,31.0,0.05,0,1,0,0
2016-09-11,93.0,81.0,69.0,84.0,64.0,44.0,10.0,10.0,10.0,7.0,2.0,10.0,0.0,0,0,0,0
2016-09-12,93.0,82.0,70.0,93.0,70.0,47.0,10.0,10.0,10.0,10.0,3.0,15.0,0.0,0,0,0,0
2016-09-13,94.0,84.0,74.0,100.0,73.0,46.0,10.0,10.0,6.0,9.0,3.0,15.0,0.0,0,1,0,0
2016-09-14,92.0,84.0,76.0,82.0,66.0,49.0,10.0,10.0,9.0,14.0,3.0,18.0,0.0,0,1,0,0
2016-09-15,94.0,83.0,72.0,93.0,70.0,46.0,10.0,10.0,3.0,12.0,3.0,17.0,0.0,0,0,0,0
2016-09-16,95.0,85.0,75.0,94.0,69.0,44.0,10.0,10.0,10.0,9.0,2.0,12.0,0.0,0,0,0,0
2016-09-17,96.0,85.0,75.0,90.0,67.0,46.0,10.0,10.0,10.0,7.0,1.0,12.0,0.0,0,0,0,0
2016-09-18,98.0,87.0,75.0,94.0,70.0,45.0,10.0,10.0,10.0,8.0,2.0,12.0,0.0,0,0,0,0
2016-09-19,99.0,88.0,76.0,94.0,68.0,42.0,10.0,10.0,10.0,10.0,3.0,16.0,0.0,0,0,0,0
2016-09-20,99.0,87.0,75.0,94.0,66.0,38.0,10.0,10.0,10.0,10.0,3.0,17.0,0.0,0,0,0,0
2016-09-21,96.0,86.0,75.0,91.0,62.0,33.0,10.0,10.0,7.0,10.0,2.0,13.0,0.0,0,0,0,0
2016-09-22,94.0,82.0,70.0,84.0,64.0,44.0,10.0,10.0,10.0,14.0,5.0,18.0,0.0,0,0,0,0
2016-09-23,93.0,85.0,76.0,94.0,73.0,52.0,10.0,9.0,2.0,14.0,5.0,20.0,0.03,0,1,0,0
2016-09-24,97.0,87.0,77.0,94.0,72.0,49.0,10.0,10.0,4.0,15.0,5.0,23.0,0.01,0,1,0,1
2016-09-25,88.0,79.0,70.0,100.0,83.0,65.0,10.0,9.0,0.0,13.0,4.0,21.0,0.76,1,1,0,1
2016-09-26,73.0,70.0,67.0,100.0,89.0,78.0,10.0,7.0,1.0,13.0,6.0,20.0,1.22,0,1,0,0
2016-09-27,80.0,74.0,67.0,87.0,71.0,54.0,10.0,10.0,10.0,9.0,3.0,13.0,0.0,0,0,0,0
2016-09-28,89.0,77.0,65.0,93.0,61.0,29.0,10.0,10.0,10.0,8.0,1.0,11.0,0.0,0,0,0,0
2016-09-29,86.0,75.0,63.0,87.0,61.0,34.0,10.0,10.0,10.0,12.0,5.0,21.0,0.0,0,0,0,0
2016-09-30,83.0,72.0,60.0,73.0,54.0,34.0,10.0,10.0,10.0,8.0,2.0,12.0,0.0,0,0,0,0
2016-10-01,80.0,70.0,59.0,87.0,65.0,42.0,10.0,10.0,10.0,7.0,1.0,13.0,0.0,0,0,0,0
2016-10-02,85.0,72.0,58.0,93.0,65.0,37.0,10.0,10.0,10.0,8.0,2.0,11.0,0.0,0,0,0,0
2016-10-03,87.0,75.0,62.0,90.0,66.0,42.0,10.0,10.0,9.0,10.0,3.0,14.0,0.0,0,0,0,0
2016-10-04,91.0,81.0,70.0,90.0,69.0,47.0,10.0,10.0,8.0,12.0,5.0,20.0,0.0,0,0,0,0
2016-10-05,92.0,84.0,75.0,94.0,72.0,49.0,10.0,10.0,10.0,13.0,5.0,21.0,0.0,0,0,0,0
2016-10-06,92.0,84.0,76.0,94.0,71.0,47.0,10.0,10.0,10.0,16.0,5.0,23.0,0.0,0,0,0,0
2016-10-07,89.0,76.0,63.0,94.0,74.0,53.0,10.0,10.0,7.0,16.0,5.0,26.0,0.0,0,1,0,0
2016-10-08,86.0,74.0,61.0,90.0,69.0,48.0,10.0,10.0,10.0,9.0,5.0,16.0,0.0,0,0,0,0
2016-10-09,84.0,71.0,58.0,73.0,49.0,24.0,10.0,10.0,10.0,8.0,4.0,14.0,0.0,0,0,0,0
2016-10-10,84.0,68.0,52.0,83.0,53.0,23.0,10.0,10.0,10.0,7.0,1.0,11.0,0.0,0,0,0,0
2016-10-11,88.0,71.0,53.0,83.0,57.0,30.0,10.0,10.0,10.0,9.0,1.0,13.0,0.0,0,0,0,0
2016-10-12,91.0,76.0,61.0,84.0,66.0,47.0,10.0,10.0,10.0,10.0,3.0,17.0,0.0,0,0,0,0
2016-10-13,89.0,79.0,68.0,94.0,73.0,51.0,10.0,10.0,4.0,12.0,2.0,16.0,0.17,0,1,0,0
2016-10-14,87.0,77.0,67.0,100.0,74.0,48.0,10.0,7.0,0.0,14.0,3.0,24.0,0.0,1,1,0,0
2016-10-15,91.0,81.0,71.0,93.0,70.0,47.0,10.0,10.0,10.0,12.0,4.0,21.0,0.0,0,0,0,0
2016-10-16,94.0,85.0,75.0,87.0,66.0,44.0,10.0,10.0,10.0,14.0,5.0,20.0,0.0,0,0,0,0
2016-10-17,94.0,84.0,74.0,93.0,69.0,44.0,10.0,10.0,10.0,12.0,6.0,23.0,0.0,0,0,0,0
2016-10-18,93.0,84.0,75.0,87.0,67.0,47.0,10.0,10.0,10.0,13.0,6.0,22.0,0.0,0,0,0,0
2016-10-19,92.0,84.0,75.0,94.0,71.0,47.0,10.0,10.0,10.0,12.0,5.0,18.0,0.0,0,0,0,0
2016-10-20,83.0,74.0,65.0,93.0,60.0,26.0,10.0,10.0,10.0,17.0,7.0,29.0,0.0,0,0,0,0
2016-10-21,77.0,65.0,53.0,71.0,50.0,28.0,10.0,10.0,10.0,9.0,3.0,15.0,0.0,0,0,0,0
2016-10-22,80.0,64.0,47.0,86.0,57.0,27.0,10.0,10.0,10.0,9.0,2.0,16.0,0.0,0,0,0,0
2016-10-23,84.0,70.0,55.0,86.0,63.0,39.0,10.0,10.0,10.0,13.0,3.0,19.0,0.0,0,1,0,1
2016-10-24,86.0,77.0,67.0,93.0,71.0,48.0,10.0,10.0,10.0,10.0,4.0,16.0,0.0,0,0,0,0
2016-10-25,86.0,77.0,67.0,100.0,72.0,44.0,10.0,8.0,1.0,10.0,3.0,17.0,0.0,0,0,0,0
2016-10-26,87.0,76.0,64.0,93.0,69.0,44.0,10.0,10.0,10.0,10.0,2.0,14.0,0.0,0,0,0,0
2016-10-27,88.0,76.0,64.0,93.0,68.0,43.0,10.0,10.0,10.0,9.0,3.0,14.0,0.0,0,0,0,0
2016-10-28,86.0,74.0,61.0,90.0,67.0,44.0,10.0,10.0,10.0,12.0,2.0,16.0,0.0,0,0,0,0
2016-10-29,86.0,75.0,64.0,93.0,68.0,42.0,10.0,10.0,8.0,12.0,2.0,21.0,0.0,0,0,0,0
2016-10-30,87.0,76.0,65.0,100.0,67.0,34.0,10.0,10.0,8.0,10.0,2.0,14.0,0.0,0,0,0,0
2016-10-31,86.0,73.0,60.0,100.0,72.0,44.0,10.0,8.0,0.0,12.0,3.0,17.0,0.0,1,0,0,0
2016-11-01,91.0,81.0,71.0,100.0,72.0,44.0,10.0,9.0,1.0,15.0,5.0,22.0,0.33,0,1,0,1
2016-11-02,88.0,81.0,73.0,100.0,78.0,55.0,10.0,9.0,5.0,12.0,6.0,17.0,0.01,0,1,0,0
2016-11-03,80.0,74.0,68.0,93.0,84.0,74.0,10.0,8.0,0.0,16.0,5.0,25.0,1.07,1,1,0,1
2016-11-04,73.0,71.0,68.0,93.0,89.0,84.0,10.0,9.0,6.0,8.0,4.0,11.0,0.0,0,0,0,0
2016-11-05,72.0,68.0,63.0,100.0,91.0,81.0,10.0,6.0,1.0,7.0,2.0,12.0,0.24,0,1,0,0
2016-11-06,76.0,68.0,59.0,93.0,85.0,76.0,10.0,10.0,5.0,12.0,2.0,20.0,0.07,0,1,0,0
2016-11-07,71.0,66.0,61.0,100.0,94.0,87.0,10.0,5.0,1.0,7.0,2.0,12.0,0.08,0,1,0,0
2016-11-08,69.0,66.0,62.0,100.0,92.0,84.0,10.0,8.0,2.0,10.0,4.0,16.0,0.49,0,1,0,1
2016-11-09,65.0,63.0,60.0,100.0,94.0,87.0,10.0,6.0,1.0,10.0,6.0,17.0,0.17,0,1,0,0
2016-11-10,71.0,64.0,56.0,90.0,72.0,53.0,10.0,10.0,8.0,8.0,3.0,12.0,0.0,0,0,0,0
2016-11-11,74.0,65.0,55.0,100.0,79.0,57.0,10.0,8.0,2.0,8.0,2.0,12.0,0.0,0,1,0,0
2016-11-12,77.0,67.0,57.0,93.0,72.0,50.0,10.0,8.0,1.0,9.0,4.0,13.0,0.0,0,0,0,0
2016-11-13,76.0,65.0,54.0,93.0,75.0,57.0,10.0,10.0,9.0,7.0,2.0,12.0,0.0,0,0,0,0
2016-11-14,82.0,69.0,56.0,100.0,74.0,48.0,10.0,6.0,0.0,9.0,2.0,16.0,0.0,1,0,0,0
2016-11-15,86.0,73.0,59.0,87.0,60.0,32.0,10.0,10.0,10.0,8.0,2.0,14.0,0.0,0,0,0,0
2016-11-16,86.0,71.0,55.0,86.0,58.0,30.0,10.0,10.0,10.0,9.0,3.0,18.0,0.0,0,0,0,0
2016-11-17,82.0,70.0,58.0,100.0,74.0,47.0,10.0,9.0,1.0,15.0,7.0,26.0,0.0,0,0,0,0
2016-11-18,79.0,66.0,52.0,90.0,62.0,34.0,10.0,10.0,10.0,17.0,7.0,29.0,0.0,0,1,0,0
2016-11-19,63.0,52.0,41.0,67.0,46.0,25.0,10.0,10.0,10.0,13.0,5.0,22.0,0.0,0,0,0,0
2016-11-20,67.0,51.0,35.0,85.0,55.0,24.0,10.0,10.0,10.0,10.0,2.0,15.0,0.0,0,0,0,0
2016-11-21,77.0,61.0,44.0,84.0,64.0,43.0,10.0,10.0,10.0,13.0,5.0,21.0,0.0,0,0,0,0
2016-11-22,76.0,69.0,62.0,97.0,83.0,69.0,10.0,9.0,2.0,13.0,5.0,23.0,0.49,0,1,0,1
2016-11-23,73.0,62.0,51.0,100.0,71.0,41.0,10.0,9.0,2.0,14.0,3.0,24.0,0.13,0,1,0,0
2016-11-24,76.0,61.0,46.0,93.0,70.0,46.0,10.0,10.0,10.0,8.0,1.0,12.0,0.0,0,0,0,0
2016-11-25,66.0,61.0,55.0,97.0,87.0,77.0,10.0,10.0,6.0,10.0,4.0,14.0,0.03,0,1,0,0
2016-11-26,70.0,62.0,53.0,83.0,69.0,55.0,10.0,10.0,10.0,7.0,2.0,9.0,0.0,0,0,0,0
2016-11-27,76.0,66.0,56.0,86.0,75.0,64.0,10.0,10.0,10.0,14.0,6.0,26.0,0.0,0,0,0,0
2016-11-28,79.0,65.0,51.0,84.0,53.0,21.0,10.0,10.0,10.0,17.0,6.0,28.0,0.0,0,0,0,0
2016-11-29,79.0,64.0,49.0,80.0,53.0,25.0,10.0,10.0,10.0,8.0,3.0,12.0,0.0,0,0,0,0
2016-11-30,67.0,55.0,42.0,66.0,45.0,24.0,10.0,10.0,10.0,13.0,4.0,20.0,0.0,0,0,0,0
2016-12-01,69.0,53.0,37.0,85.0,56.0,27.0,10.0,10.0,10.0,12.0,3.0,16.0,0.0,0,0,0,0
2016-12-02,64.0,58.0,51.0,90.0,77.0,63.0,10.0,10.0,5.0,10.0,4.0,17.0,0.22,0,1,0,0
2016-12-03,52.0,51.0,49.0,100.0,95.0,89.0,10.0,6.0,2.0,12.0,6.0,21.0,1.29,0,1,0,0
2016-12-04,53.0,51.0,49.0,93.0,88.0,83.0,10.0,8.0,2.0,13.0,6.0,19.0,0.37,0,1,0,0
2016-12-05,52.0,50.0,47.0,100.0,95.0,89.0,10.0,5.0,1.0,10.0,3.0,17.0,0.63,0,1,0,0
2016-12-06,58.0,51.0,43.0,100.0,84.0,67.0,10.0,8.0,0.0,17.0,4.0,27.0,0.0,1,0,0,0
2016-12-07,56.0,48.0,39.0,100.0,86.0,72.0,10.0,7.0,2.0,13.0,3.0,19.0,0.0,0,0,0,0
2016-12-08,52.0,44.0,36.0,83.0,68.0,52.0,10.0,10.0,9.0,21.0,10.0,32.0,0.0,0,0,0,0
2016-12-09,46.0,40.0,33.0,56.0,45.0,34.0,10.0,10.0,10.0,12.0,5.0,18.0,0.0,0,0,0,0
2016-12-10,52.0,44.0,35.0,96.0,75.0,54.0,10.0,8.0,2.0,9.0,3.0,15.0,0.0,0,0,0,0
2016-12-11,67.0,59.0,50.0,100.0,91.0,81.0,10.0,5.0,0.0,14.0,4.0,25.0,0.02,1,1,0,0
2016-12-12,67.0,57.0,46.0,93.0,73.0,52.0,10.0,10.0,10.0,10.0,3.0,17.0,0.0,0,0,0,0
2016-12-13,77.0,64.0,50.0,100.0,73.0,46.0,10.0,7.0,1.0,14.0,4.0,22.0,0.0,0,0,0,0
2016-12-14,57.0,50.0,43.0,89.0,78.0,66.0,10.0,10.0,7.0,12.0,4.0,17.0,0.0,0,0,0,0
2016-12-15,54.0,50.0,45.0,92.0,78.0,63.0,10.0,7.0,2.0,12.0,5.0,20.0,0.0,0,0,0,0
2016-12-16,67.0,59.0,51.0,96.0,82.0,68.0,10.0,8.0,2.0,12.0,5.0,21.0,0.0,0,0,0,0
2016-12-17,76.0,55.0,34.0,100.0,80.0,59.0,10.0,6.0,2.0,21.0,6.0,35.0,0.0,0,0,0,0
2016-12-18,37.0,32.0,26.0,58.0,48.0,38.0,10.0,10.0,10.0,21.0,12.0,35.0,0.0,0,0,0,0
2016-12-19,45.0,34.0,23.0,59.0,42.0,24.0,10.0,10.0,10.0,13.0,5.0,21.0,0.0,0,0,0,0
2016-12-20,59.0,47.0,35.0,59.0,40.0,20.0,10.0,10.0,10.0,7.0,2.0,11.0,0.0,0,0,0,0
2016-12-21,71.0,57.0,43.0,55.0,41.0,27.0,10.0,10.0,10.0,12.0,4.0,19.0,0.0,0,0,0,0
2016-12-22,68.0,59.0,50.0,63.0,48.0,32.0,10.0,10.0,9.0,12.0,4.0,19.0,0.0,0,0,0,0
2016-12-23,68.0,60.0,52.0,100.0,74.0,47.0,10.0,6.0,0.0,7.0,1.0,10.0,0.01,1,1,0,0
2016-12-24,78.0,72.0,65.0,100.0,85.0,69.0,10.0,9.0,5.0,17.0,7.0,28.0,0.0,0,0,0,0
2016-12-25,80.0,74.0,68.0,90.0,74.0,58.0,10.0,10.0,10.0,17.0,9.0,32.0,0.0,0,0,0,0
2016-12-26,84.0,77.0,70.0,93.0,74.0,55.0,10.0,10.0,7.0,12.0,4.0,20.0,0.0,0,1,0,0
2016-12-27,76.0,69.0,62.0,97.0,72.0,46.0,10.0,10.0,10.0,7.0,1.0,11.0,0.0,0,0,0,0
2016-12-28,83.0,73.0,62.0,93.0,72.0,51.0,10.0,9.0,4.0,12.0,3.0,20.0,0.0,0,0,0,0
2016-12-29,70.0,60.0,49.0,84.0,51.0,18.0,10.0,10.0,10.0,18.0,9.0,30.0,0.0,0,0,0,0
2016-12-30,55.0,52.0,49.0,48.0,38.0,27.0,10.0,10.0,10.0,12.0,4.0,16.0,0.0,0,0,0,0
2016-12-31,77.0,64.0,51.0,90.0,70.0,50.0,10.0,10.0,4.0,10.0,3.0,18.0,0.0,0,1,0,0
