Date,TempHigh_F,TempAvg_F,TempLow_F,HumidityHigh_Percent,HumidityAvg_Percent,HumidityLow_Percent,VisibilityHigh_Miles,VisibilityAvg_Miles,VisibilityLow_Miles,WindHigh_MPH,WindAvg_MPH,WindGust_MPH,Precipitation_Inches,Events
1/1/14,69,54,39,83,68,52,10,10,8,13,4,22,0,""
1/2/14,55,44,33,83,55,26,10,10,9,21,8,31,0,""
1/3/14,58,43,28,75,49,22,10,10,10,14,4,21,0,""
1/4/14,71,57,42,89,68,47,10,10,8,16,7,28,0,""
1/5/14,59,47,34,87,59,31,10,10,4,21,10,34,0,""
1/6/14,36,29,22,50,38,26,10,10,10,17,7,27,0,""
1/7/14,48,35,22,68,43,17,10,10,10,13,5,22,0,""
1/8/14,53,47,40,93,75,57,10,2,1,12,1,18,0.16,"Rain"
1/9/14,70,62,53,93,80,66,10,4,0,12,3,19,0,"Fog"
1/10/14,72,65,57,93,81,68,10,8,1,13,6,21,0.1,"Rain"
1/11/14,75,62,48,93,53,13,10,9,5,12,3,19,0,""
1/12/14,67,57,46,84,68,52,10,10,10,15,4,24,0.01,"Rain"
1/13/14,71,57,43,87,51,14,10,9,7,17,7,29,0,""
1/14/14,76,57,37,70,41,12,10,10,10,16,5,29,0,""
1/15/14,64,52,40,49,35,21,10,10,10,14,4,21,0,""
1/16/14,72,56,40,55,38,20,10,10,10,14,4,20,0,""
1/17/14,64,54,43,45,31,17,10,10,9,14,5,21,0,""
1/18/14,70,54,37,59,45,31,10,10,10,12,2,19,0,""
1/19/14,72,59,45,64,39,14,10,10,10,9,3,16,0,""
1/20/14,82,64,46,71,44,17,10,10,10,16,5,26,0,""
1/21/14,63,51,38,59,39,19,10,10,10,15,6,25,0,""
1/22/14,70,54,37,70,45,19,10,10,10,12,4,18,0,""
1/23/14,56,42,27,78,64,50,10,8,2,20,9,31,0.06,"Rain,Snow"
1/24/14,40,33,26,81,60,39,10,9,3,16,5,24,0.05,""
1/25/14,70,48,26,85,53,20,10,10,8,8,1,14,0,""
1/26/14,76,60,43,76,52,27,10,10,10,12,3,20,0,""
1/27/14,60,47,34,66,44,21,10,10,10,21,9,32,0.02,"Rain"
1/28/14,39,33,27,69,48,27,10,10,10,15,6,23,0.05,"Rain"
1/29/14,49,38,27,63,42,21,10,10,10,15,5,23,0,""
1/30/14,65,48,31,80,64,48,10,10,10,15,7,27,0,""
1/31/14,80,68,55,86,64,42,10,10,9,14,9,25,0,""
2/1/14,76,66,55,81,71,60,10,10,9,14,6,26,T,"Rain"
2/2/14,55,45,35,79,69,59,10,8,4,18,11,29,0.02,"Rain"
2/3/14,46,40,34,82,74,65,10,6,3,13,6,17,0,""
2/4/14,64,53,42,89,68,46,10,6,2,10,2,18,0.15,"Rain"
2/5/14,48,40,31,80,60,39,10,10,10,16,10,24,0,""
2/6/14,32,29,26,58,54,49,10,10,10,15,8,23,0,""
2/7/14,38,34,29,78,68,58,10,7,2,8,3,12,0,""
2/8/14,65,51,37,85,63,40,10,7,3,14,5,21,0,""
2/9/14,76,59,41,96,70,44,10,5,0,13,4,20,0,"Fog"
2/10/14,60,48,35,82,74,66,10,8,4,15,9,23,T,"Rain"
2/11/14,36,35,33,89,80,70,9,5,1,15,9,23,0.1,"Rain"
2/12/14,57,45,33,75,57,38,10,9,7,14,5,22,0,""
2/13/14,69,51,32,85,58,30,10,10,10,10,4,19,0,""
2/14/14,86,67,47,86,51,15,10,10,8,18,6,30,0,""
2/15/14,76,59,42,64,43,22,10,10,10,15,5,23,0,""
2/16/14,76,68,59,90,74,57,10,5,0,13,5,23,0,"Fog"
2/17/14,81,70,58,87,52,17,10,8,2,15,5,23,0,""
2/18/14,82,69,55,78,55,32,10,10,9,13,4,20,0,""
2/19/14,82,73,63,93,70,47,10,9,2,15,7,25,0,""
2/20/14,83,70,57,81,48,15,10,9,7,16,8,28,0,""
2/21/14,72,57,41,67,43,19,10,10,10,14,5,20,0,""
2/22/14,77,63,48,73,53,32,10,10,10,14,6,22,0,""
2/23/14,86,74,62,84,57,29,10,10,7,15,4,24,0,""
2/24/14,76,66,55,81,65,49,10,9,5,12,4,18,0,""
2/25/14,71,62,52,93,85,77,10,4,1,12,5,20,T,"Rain"
2/26/14,52,44,36,83,63,43,10,8,2,20,8,29,0.11,"Rain"
2/27/14,59,45,31,82,56,29,10,10,10,12,3,17,0,""
2/28/14,80,62,44,83,60,37,10,10,7,13,6,21,0,""
3/1/14,82,68,53,93,74,54,10,7,0,16,5,27,0,"Fog"
3/2/14,73,51,28,89,79,69,10,8,2,20,10,37,0.08,"Rain"
3/3/14,47,36,24,75,56,37,10,9,4,18,10,29,0.08,"Rain,Thunderstorm"
3/4/14,50,40,30,92,72,52,10,8,2,9,4,13,0.17,"Rain"
3/5/14,53,46,38,86,76,66,10,7,4,13,3,16,0,""
3/6/14,65,54,43,89,62,34,10,8,4,13,4,20,0,""
3/7/14,67,53,39,86,65,44,10,9,5,16,6,22,0,""
3/8/14,59,52,44,93,88,83,10,3,1,14,4,21,0.74,"Rain,Thunderstorm"
3/9/14,58,49,39,86,71,55,10,9,2,15,5,23,0.11,"Rain"
3/10/14,71,61,50,84,69,53,10,9,4,12,3,17,0.01,"Rain"
3/11/14,83,70,56,93,66,39,10,9,4,14,5,22,0,""
3/12/14,70,60,49,56,36,16,10,10,10,24,11,37,0,""
3/13/14,68,52,37,68,35,21,10,10,10,9,4,18,0,""
3/14/14,75,62,49,86,68,49,10,10,10,13,5,24,0,""
3/15/14,74,68,62,93,81,68,10,5,0,12,4,17,0.07,"Fog,Rain"
3/16/14,64,56,48,93,66,39,10,10,10,24,11,36,0,""
3/17/14,68,55,41,53,36,18,10,10,10,16,6,26,0,""
3/18/14,83,65,47,73,49,24,10,10,10,18,8,26,0,""
3/19/14,72,62,51,80,52,24,10,9,6,15,6,26,0,""
3/20/14,76,59,42,82,52,21,10,10,10,10,2,15,0,""
3/21/14,80,67,54,93,69,45,10,8,0,17,7,27,0,"Fog"
3/22/14,77,69,61,100,80,60,10,7,1,12,4,17,0,""
3/23/14,61,54,47,72,62,51,10,10,9,17,9,30,0,""
3/24/14,66,58,50,72,58,44,10,10,10,10,3,15,0,""
3/25/14,69,57,44,93,61,28,10,10,7,15,5,22,0,""
3/26/14,66,60,54,78,57,36,10,10,6,22,10,33,T,"Rain"
3/27/14,82,72,61,100,78,55,10,7,1,16,8,26,0.01,"Rain"
3/28/14,89,76,63,90,64,37,10,8,2,18,5,27,0,"Thunderstorm"
3/29/14,77,64,51,68,43,18,10,10,10,13,5,21,0,""
3/30/14,79,62,45,83,56,29,10,10,10,20,8,30,0,""
3/31/14,85,73,60,90,65,40,10,10,10,16,9,27,0,""
4/1/14,86,76,66,93,71,48,10,8,4,17,8,28,0,""
4/2/14,82,76,70,97,78,58,10,9,4,16,9,30,T,"Rain"
4/3/14,82,77,71,90,74,58,10,8,5,14,7,25,T,""
4/4/14,74,64,54,93,58,22,10,10,5,17,8,28,T,"Rain"
4/5/14,65,60,54,60,48,36,10,10,10,10,4,17,T,""
4/6/14,61,57,52,96,76,55,10,7,2,12,5,19,0.2,"Rain,Thunderstorm"
4/7/14,72,62,52,93,69,44,10,9,2,25,3,57,0.27,"Rain,Thunderstorm"
4/8/14,77,64,50,96,57,18,10,10,10,22,8,37,0,""
4/9/14,84,65,45,77,51,24,10,10,10,13,6,22,0,""
4/10/14,87,72,57,90,59,27,10,10,10,17,10,31,0,""
4/11/14,85,73,61,90,65,40,10,10,7,16,8,25,0,""
4/12/14,85,75,65,87,66,44,10,10,9,20,10,30,0,""
4/13/14,78,73,68,90,79,67,10,9,8,18,7,29,T,""
4/14/14,73,58,43,90,65,39,10,8,0,22,10,38,1.34,"Fog,Rain,Thunderstorm"
4/15/14,65,52,39,59,39,19,10,10,10,12,4,17,0,""
4/16/14,73,57,40,76,56,35,10,10,10,16,7,26,0,""
4/17/14,67,62,56,97,85,72,10,7,1,10,4,15,0.06,"Rain"
4/18/14,78,69,59,93,68,43,10,6,2,9,2,16,0.01,"Rain"
4/19/14,78,66,54,93,68,43,10,9,4,13,5,19,0,""
4/20/14,75,68,61,97,77,57,10,8,2,12,6,19,0,""
4/21/14,84,74,64,93,72,51,10,9,2,14,5,25,0.01,"Rain,Thunderstorm"
4/22/14,87,75,63,87,61,35,10,10,10,12,3,20,0,""
4/23/14,87,73,59,90,68,46,10,10,10,17,7,29,0,""
4/24/14,88,78,67,87,63,38,10,10,9,16,5,26,0,""
4/25/14,88,76,63,68,51,34,10,10,10,12,6,20,0,""
4/26/14,86,77,68,90,73,55,10,6,2,16,8,28,T,"Rain"
4/27/14,96,85,73,87,51,15,10,6,3,14,6,24,0,""
4/28/14,93,80,66,67,39,10,10,10,7,14,4,22,0,""
4/29/14,84,72,60,60,36,11,10,10,10,17,7,28,0,""
4/30/14,75,66,57,42,32,21,10,10,10,16,6,28,0,""
5/1/14,77,65,52,63,39,15,10,10,10,10,3,18,0,""
5/2/14,83,70,56,51,33,14,10,10,10,9,3,17,0,""
5/3/14,94,76,58,44,27,10,10,10,10,13,4,20,0,""
5/4/14,91,76,61,37,27,16,10,10,10,14,7,23,0,""
5/5/14,92,76,60,90,61,32,10,10,10,16,8,27,0,""
5/6/14,87,76,65,87,66,45,10,10,10,17,9,29,0,""
5/7/14,88,79,70,84,65,46,10,10,10,18,9,31,0,""
5/8/14,84,79,73,84,75,65,10,6,2,17,8,30,0.06,"Rain"
5/9/14,86,76,66,87,69,50,10,5,1,20,5,39,T,"Rain,Thunderstorm"
5/10/14,91,76,60,97,71,44,10,10,5,16,6,23,0,""
5/11/14,93,83,72,84,63,41,10,9,4,18,10,30,0,""
5/12/14,82,72,62,94,87,79,10,5,0,18,7,26,2.45,"Fog,Rain,Thunderstorm"
5/13/14,67,61,55,93,73,52,10,8,2,16,8,31,0.94,"Rain,Thunderstorm"
5/14/14,76,64,51,93,57,21,10,10,5,17,7,28,0.14,"Rain"
5/15/14,84,65,46,93,55,17,10,10,10,10,3,17,0,""
5/16/14,86,74,61,60,40,20,10,10,10,15,7,27,0,""
5/17/14,86,73,60,84,58,32,10,10,10,17,9,26,0,""
5/18/14,85,74,62,93,67,40,10,10,8,16,8,24,0,""
5/19/14,86,76,66,87,65,43,10,10,10,18,10,27,0,""
5/20/14,89,78,67,84,63,42,10,10,10,14,9,26,0,""
5/21/14,89,80,70,84,61,38,10,10,10,16,8,27,0,""
5/22/14,87,79,70,90,70,50,10,10,7,15,7,25,T,""
5/23/14,84,78,71,84,69,54,10,8,0,14,6,20,0.19,"Fog,Rain"
5/24/14,86,78,70,97,79,61,10,9,7,15,7,23,T,""
5/25/14,87,80,72,84,66,48,10,10,10,15,6,24,T,"Thunderstorm"
5/26/14,75,70,64,93,83,73,10,8,1,17,5,29,1.56,"Rain,Thunderstorm"
5/27/14,73,68,63,93,86,79,10,6,0,22,3,31,1.75,"Fog,Rain,Thunderstorm"
5/28/14,84,76,68,97,74,51,10,7,2,14,4,22,0,""
5/29/14,89,78,66,93,66,38,10,10,10,9,2,15,0,""
5/30/14,94,81,68,84,60,36,10,10,10,9,3,17,0,""
5/31/14,93,82,70,84,63,41,10,10,10,10,3,20,0,""
6/1/14,88,80,71,93,69,45,10,8,2,14,4,20,0,""
6/2/14,91,83,74,87,67,47,10,10,8,13,7,22,0,""
6/3/14,90,83,75,82,67,52,10,10,10,10,6,17,T,""
6/4/14,91,83,74,87,70,52,10,10,10,12,7,21,0,""
6/5/14,91,83,74,87,72,56,10,10,10,14,7,22,0,""
6/6/14,92,83,73,87,70,52,10,10,9,14,7,25,0,""
6/7/14,92,83,74,93,71,49,10,10,10,14,7,26,0,""
6/8/14,90,83,76,87,67,46,10,10,5,16,7,27,T,"Rain"
6/9/14,86,77,68,91,78,65,10,8,1,14,4,22,0.55,"Rain,Thunderstorm"
6/10/14,92,78,64,97,64,30,10,10,9,13,3,20,0,""
6/11/14,94,80,66,87,64,41,10,10,10,14,5,21,0,""
6/12/14,92,80,68,79,68,56,10,9,1,24,8,47,1.49,"Rain,Thunderstorm"
6/13/14,89,79,68,95,75,55,-,-,-,15,4,22,0,""
6/14/14,87,92,73,95,77,59,-,-,-,15,6,22,0,""
6/15/14,91,83,74,-,-,-,-,-,-,14,9,23,0,""
6/16/14,92,84,75,94,72,49,-,-,-,12,8,24,T,""
6/17/14,92,84,75,88,69,49,10,10,10,12,9,22,0,""
6/18/14,92,85,77,91,68,44,10,9,4,16,9,26,0.02,"Rain"
6/19/14,91,84,76,88,68,47,10,10,10,13,6,22,0.01,""
6/20/14,91,83,75,88,69,50,10,10,9,13,5,19,0,""
6/21/14,92,84,75,94,72,49,10,10,8,15,6,21,T,""
6/22/14,90,83,76,85,70,55,10,9,8,13,8,22,T,""
6/23/14,88,78,68,88,75,61,10,8,1,16,4,26,0.27,"Rain,Thunderstorm"
6/24/14,93,84,74,94,72,49,10,9,0,22,4,35,0.24,"Fog,Rain,Thunderstorm"
6/25/14,89,80,71,94,77,59,10,8,0,16,5,24,0.49,"Fog,Rain,Thunderstorm"
6/26/14,88,80,71,94,76,57,10,10,6,15,7,24,0.01,"Rain"
6/27/14,91,83,75,88,69,49,10,10,8,17,8,32,T,""
6/28/14,93,86,78,85,69,52,10,10,8,16,9,27,T,""
6/29/14,95,86,77,88,69,49,10,9,7,17,9,27,0,""
6/30/14,96,87,77,88,64,39,10,9,7,17,8,27,0,""
7/1/14,96,86,75,88,64,39,10,10,7,15,6,22,0,""
7/2/14,97,85,73,93,64,35,10,10,6,14,4,18,0,""
7/3/14,96,84,72,93,62,30,10,10,6,20,3,29,0.07,"Rain,Thunderstorm"
7/4/14,93,82,71,93,67,41,10,10,9,16,4,23,0,"Thunderstorm"
7/5/14,94,82,69,93,70,46,10,10,5,18,4,30,0,""
7/6/14,95,84,72,100,72,44,10,8,3,13,5,20,0,""
7/7/14,96,85,73,87,61,34,10,10,10,13,5,19,0,""
7/8/14,98,86,74,93,63,33,10,10,10,13,7,21,0,""
7/9/14,98,85,72,90,59,27,10,10,8,14,6,23,0,""
7/10/14,96,84,72,93,64,34,10,10,7,14,5,24,0,""
7/11/14,95,83,71,90,60,30,10,10,10,13,5,22,0,""
7/12/14,98,85,71,93,59,25,10,9,7,13,4,20,0,""
7/13/14,100,87,74,93,63,33,10,10,10,13,4,17,0,""
7/14/14,101,88,75,82,55,28,10,10,10,10,4,16,0,""
7/15/14,92,83,73,93,71,49,10,10,8,15,3,23,0.06,"Rain,Thunderstorm"
7/16/14,95,84,73,93,68,43,10,8,1,15,4,22,0.31,"Rain,Thunderstorm"
7/17/14,89,82,74,94,77,59,10,7,0,13,5,19,3.53,"Fog,Rain,Thunderstorm"
7/18/14,78,75,72,100,87,74,10,7,1,14,3,27,1.52,"Rain,Thunderstorm"
7/19/14,86,78,70,90,76,61,10,9,6,8,2,11,0,""
7/20/14,94,84,74,93,73,52,10,9,7,12,4,18,0,""
7/21/14,96,87,77,94,70,46,10,9,5,10,6,20,0,""
7/22/14,96,86,76,94,68,42,10,10,8,8,2,14,0,""
7/23/14,97,86,75,94,66,38,10,9,6,7,3,14,0,""
7/24/14,94,84,74,94,70,46,10,8,2,8,3,12,0.09,"Rain"
7/25/14,96,86,75,87,63,39,10,10,10,12,5,18,0,""
7/26/14,98,87,76,94,66,38,10,10,8,15,6,25,0,""
7/27/14,98,87,75,94,64,33,10,10,9,13,6,22,0,""
7/28/14,99,87,74,93,62,31,10,10,8,9,3,15,0,""
7/29/14,97,87,76,87,63,38,10,10,10,13,4,23,0,""
7/30/14,96,86,76,87,60,33,10,10,10,14,6,22,0,""
7/31/14,97,87,77,85,64,42,10,10,10,13,4,19,0,""
8/1/14,91,82,73,74,59,44,10,10,10,12,5,18,0,""
8/2/14,90,79,68,93,70,46,10,10,10,10,3,18,0,""
8/3/14,94,83,71,84,62,39,10,10,9,13,4,19,0,""
8/4/14,94,83,72,87,66,44,10,9,7,13,3,20,0,""
8/5/14,97,85,73,87,61,35,10,10,8,13,3,22,0,""
8/6/14,99,88,76,94,64,33,10,10,9,13,5,20,0,""
8/7/14,102,90,77,88,59,29,10,8,5,13,6,25,0,""
8/8/14,102,89,76,91,60,29,10,10,10,13,6,22,0,""
8/9/14,100,89,77,88,60,31,10,10,10,13,5,18,0,""
8/10/14,101,89,77,88,58,27,10,10,10,13,4,19,0,""
8/11/14,102,89,76,91,62,33,10,10,2,13,3,23,0.05,"Rain,Thunderstorm"
8/12/14,100,87,73,94,62,29,10,10,10,12,4,17,0,""
8/13/14,97,83,69,66,45,24,10,10,10,12,4,20,0,""
8/14/14,98,84,70,73,50,27,10,10,10,9,4,16,0,""
8/15/14,101,88,75,88,58,27,10,10,10,13,5,19,0,""
8/16/14,104,91,77,88,57,25,10,10,10,14,7,24,0,""
8/17/14,101,90,79,85,56,27,10,10,10,16,6,24,0,""
8/18/14,102,90,78,85,59,33,10,10,9,15,7,24,0,""
8/19/14,96,87,77,76,55,34,10,10,9,16,7,25,0,"Thunderstorm"
8/20/14,102,90,78,85,57,29,10,10,8,17,8,29,0,""
8/21/14,103,92,80,85,55,25,10,10,10,17,9,27,0,""
8/22/14,103,91,79,85,55,25,10,10,10,15,8,23,0,""
8/23/14,101,88,75,94,62,29,10,10,9,14,6,21,0,""
8/24/14,101,89,77,88,59,29,10,10,10,13,5,18,0,""
8/25/14,101,89,76,88,59,29,10,10,10,10,5,15,0,""
8/26/14,101,89,77,71,52,33,10,10,8,14,4,23,T,"Rain,Thunderstorm"
8/27/14,98,87,76,87,58,29,10,10,10,10,4,17,0,""
8/28/14,99,88,76,82,61,40,10,10,10,17,5,26,0,""
8/29/14,96,87,77,88,64,39,10,10,2,15,5,23,0.07,"Rain,Thunderstorm"
8/30/14,95,85,74,94,69,44,10,10,10,13,4,24,0,""
8/31/14,99,87,74,94,68,42,10,10,10,15,7,26,0,""
9/1/14,101,90,78,91,62,33,10,10,7,15,8,25,0,""
9/2/14,98,88,78,91,66,40,10,10,10,17,8,32,0.01,""
9/3/14,100,88,76,88,61,33,10,10,10,17,6,26,0,""
9/4/14,99,86,73,91,65,38,10,8,0,28,5,37,0.98,"Fog,Rain,Thunderstorm"
9/5/14,97,87,77,91,63,35,10,10,10,13,4,21,0.02,"Rain"
9/6/14,97,86,74,94,67,39,10,10,2,13,3,20,0.19,"Rain,Thunderstorm"
9/7/14,89,82,74,100,78,55,10,8,2,8,3,13,0.22,"Rain,Thunderstorm"
9/8/14,96,84,72,100,70,39,10,10,8,12,3,15,0,""
9/9/14,97,86,74,87,63,38,10,10,10,13,6,20,0,""
9/10/14,99,88,77,88,63,38,10,10,10,14,7,25,0,""
9/11/14,99,89,78,85,60,35,10,10,10,10,5,19,0,""
9/12/14,96,81,66,94,67,39,10,9,1,15,5,24,0.51,"Rain,Thunderstorm"
9/13/14,66,63,60,100,92,84,10,5,1,14,5,24,0.68,"Rain"
9/14/14,77,71,64,100,87,73,10,8,3,7,2,10,0,""
9/15/14,88,79,69,97,76,55,10,9,6,8,2,13,0,""
9/16/14,94,84,74,94,70,46,10,10,6,18,3,28,0.02,"Rain,Thunderstorm"
9/17/14,91,83,75,94,75,56,10,9,2,14,3,20,0.35,"Rain,Thunderstorm"
9/18/14,90,81,72,100,78,56,10,7,0,25,2,33,3.66,"Fog,Rain,Thunderstorm"
9/19/14,86,80,74,100,85,69,10,8,2,10,3,14,0.13,"Rain"
9/20/14,90,82,74,100,78,55,10,9,1,9,3,15,0.21,"Rain"
9/21/14,90,81,72,94,71,47,10,10,10,10,3,15,0,""
9/22/14,91,81,70,90,69,47,10,10,10,9,4,16,0,""
9/23/14,85,76,67,74,57,40,10,10,10,8,3,12,0,""
9/24/14,84,72,60,90,64,37,10,10,10,9,2,16,0,""
9/25/14,83,73,62,90,74,58,10,10,8,13,3,20,T,""
9/26/14,85,76,66,87,71,54,10,10,10,10,3,15,0,""
9/27/14,80,74,68,93,78,62,10,10,8,9,2,14,T,"Rain"
9/28/14,88,77,66,100,72,43,10,8,3,12,3,15,0,""
9/29/14,89,78,67,93,68,43,10,10,10,8,2,12,0,""
9/30/14,90,78,65,93,70,47,10,10,10,9,2,14,0,""
10/1/14,92,84,76,88,68,47,10,10,10,10,5,18,0,""
10/2/14,92,84,76,91,72,52,10,9,4,14,7,27,0.03,"Rain,Thunderstorm"
10/3/14,85,75,65,63,44,25,10,10,10,14,7,22,0,"Thunderstorm"
10/4/14,80,70,59,72,51,29,10,10,10,9,4,14,0,""
10/5/14,87,75,62,93,69,44,10,10,10,14,6,23,0,""
10/6/14,89,81,72,93,73,53,10,10,10,13,6,20,0,""
10/7/14,94,83,72,93,67,41,10,9,5,13,5,21,0,""
10/8/14,90,82,74,93,70,46,10,10,10,15,6,23,0,""
10/9/14,92,84,75,94,69,44,10,10,9,14,7,22,T,"Rain"
10/10/14,92,84,75,87,66,44,10,10,10,14,7,24,0,""
10/11/14,78,69,59,97,85,73,10,7,0,14,5,20,1.42,"Fog,Rain"
10/12/14,77,69,61,93,86,78,10,9,7,13,2,24,0.01,"Rain,Thunderstorm"
10/13/14,76,69,61,87,63,38,10,10,2,20,10,36,0.09,"Rain,Thunderstorm"
10/14/14,80,66,51,77,49,21,10,10,10,14,5,20,0,""
10/15/14,88,72,56,72,46,20,10,10,10,9,2,16,0,""
10/16/14,86,72,57,72,50,27,10,10,10,13,4,23,0,""
10/17/14,87,74,61,97,69,40,10,10,10,13,3,17,0,""
10/18/14,86,76,66,90,67,44,10,10,5,9,2,12,0,""
10/19/14,82,74,65,93,74,54,10,10,6,8,2,15,0,""
10/20/14,82,73,63,100,73,45,10,9,4,8,2,13,0,""
10/21/14,83,71,58,93,61,28,10,9,6,10,3,16,0,""
10/22/14,83,72,61,84,67,49,10,10,10,9,2,14,T,"Rain"
10/23/14,83,75,66,81,64,46,10,10,10,8,2,11,T,"Rain"
10/24/14,85,73,60,84,64,44,10,10,10,7,2,9,0,""
10/25/14,88,75,62,84,62,39,10,10,10,8,2,12,0,""
10/26/14,86,74,61,90,62,34,10,10,8,12,4,19,0,""
10/27/14,86,74,62,93,67,40,10,10,10,14,6,23,0,""
10/28/14,84,75,65,93,74,55,10,10,10,8,2,12,0,""
10/29/14,81,73,65,81,68,54,10,10,10,10,3,14,0,""
10/30/14,82,73,63,93,72,51,10,10,9,8,2,10,T,"Rain"
10/31/14,76,66,56,93,60,27,10,9,2,16,7,25,0.3,"Rain"
11/1/14,68,58,47,71,54,37,10,10,10,9,5,14,0,""
11/2/14,75,62,48,80,61,41,10,10,10,15,6,25,0,""
11/3/14,76,68,59,84,72,60,10,10,10,14,6,23,T,""
11/4/14,75,67,58,100,87,73,10,8,2,17,5,28,0.56,"Rain"
11/5/14,59,57,55,100,97,93,10,6,2,13,6,20,1.51,"Rain"
11/6/14,63,59,55,93,75,56,10,10,5,10,4,17,0.04,"Rain"
11/7/14,71,60,48,80,53,26,10,10,10,7,2,11,0,""
11/8/14,75,62,48,93,67,41,10,10,10,15,4,25,0,""
11/9/14,74,61,47,86,59,31,10,10,10,8,3,13,0,""
11/10/14,76,63,49,93,70,46,10,10,10,17,6,31,0,""
11/11/14,65,54,42,93,67,40,10,10,9,17,7,32,0,""
11/12/14,51,44,36,64,50,36,10,10,10,16,9,27,0,""
11/13/14,41,36,31,58,43,27,10,10,10,17,8,28,0,""
11/14/14,45,38,30,58,44,30,10,10,10,8,3,11,0,""
11/15/14,48,44,40,100,72,43,10,5,1,10,4,15,0.02,"Rain"
11/16/14,50,42,34,100,91,82,10,4,0,17,6,28,0.01,"Fog,Rain"
11/17/14,53,42,30,82,52,22,10,10,10,16,6,26,0,""
11/18/14,56,43,30,78,51,24,10,10,3,10,2,15,0,""
11/19/14,69,51,33,86,64,42,10,10,10,13,3,22,0,""
11/20/14,70,57,44,100,85,70,10,8,0,12,3,16,0.01,"Fog,Rain"
11/21/14,74,68,62,100,90,79,10,6,0,13,5,20,0.33,"Fog,Rain"
11/22/14,67,63,58,100,97,93,10,6,0,20,7,28,3.33,"Fog,Rain,Thunderstorm"
11/23/14,81,67,53,100,62,23,10,10,10,16,5,27,0,""
11/24/14,66,53,40,76,47,18,10,10,10,15,5,28,0,""
11/25/14,67,53,38,85,53,20,10,10,10,9,3,16,0,""
11/26/14,77,60,42,62,40,18,10,10,10,10,3,17,0,""
11/27/14,64,53,42,76,52,27,10,10,10,10,4,16,0,""
11/28/14,72,57,42,82,62,41,10,10,10,14,4,24,0,""
11/29/14,73,65,56,93,75,57,10,10,10,16,7,31,0,""
11/30/14,79,72,64,87,71,54,10,10,10,15,7,28,0,""
12/1/14,66,54,41,93,69,45,10,10,8,17,6,30,0,""
12/2/14,50,45,39,80,63,45,10,10,10,10,4,16,0,""
12/3/14,59,54,48,100,88,75,10,7,2,7,1,10,0,""
12/4/14,66,62,58,100,94,87,10,3,1,12,3,16,0.06,"Rain"
12/5/14,75,69,63,100,82,64,10,8,2,12,5,20,0.01,"Rain"
12/6/14,69,62,55,90,72,53,10,10,9,13,6,20,0,""
12/7/14,56,54,52,89,83,77,10,10,9,9,4,14,0,""
12/8/14,67,58,49,86,69,52,10,10,8,9,3,14,0,""
12/9/14,69,56,43,100,70,39,10,8,2,8,1,11,0,""
12/10/14,66,57,47,93,75,56,10,9,6,8,1,11,0.02,"Rain"
12/11/14,67,62,57,97,85,73,10,7,2,9,5,16,0.04,"Rain"
12/12/14,71,65,59,90,78,66,10,10,9,12,5,17,T,"Rain"
12/13/14,74,65,55,100,79,57,10,9,5,14,5,21,0,""
12/14/14,74,68,61,100,82,64,10,9,5,14,6,26,0.07,"Rain"
12/15/14,74,63,52,93,58,23,10,10,7,12,5,19,0,""
12/16/14,63,55,46,60,47,34,10,10,10,14,5,20,0,""
12/17/14,53,51,48,96,75,54,10,8,2,15,4,22,0.1,"Rain,Thunderstorm"
12/18/14,60,55,49,100,92,84,10,4,1,12,3,17,T,""
12/19/14,57,53,48,100,89,77,10,7,1,13,7,19,0.59,"Rain,Thunderstorm"
12/20/14,54,52,49,86,82,72,10,9,5,8,3,13,0,""
12/21/14,56,53,50,93,83,72,10,9,5,10,5,20,0,""
12/22/14,77,67,56,93,63,33,10,10,8,12,5,18,0,""
12/23/14,59,51,43,77,66,55,10,10,10,18,8,31,T,"Rain"
12/24/14,57,46,35,85,62,38,10,10,10,16,6,25,0,""
12/25/14,65,49,33,96,61,26,10,10,10,16,6,30,0,""
12/26/14,74,64,53,100,83,66,10,9,3,12,5,21,0.01,"Rain"
12/27/14,66,54,41,93,79,65,10,8,5,16,8,24,0.03,"Rain"
12/28/14,47,40,32,92,71,49,10,10,7,14,4,21,0.13,"Rain"
12/29/14,67,49,30,92,68,43,10,10,10,10,2,15,0,""
12/30/14,46,43,39,100,87,73,10,6,0,13,6,21,0,"Fog"
12/31/14,42,39,36,76,70,64,10,10,9,14,8,21,T,""
1/1/15,40,37,34,100,82,64,10,3,1,9,5,13,0.63,"Rain,Thunderstorm"
1/2/15,43,41,38,100,95,89,10,4,2,12,5,18,0.2,"Rain,Thunderstorm"
1/3/15,62,51,39,100,74,48,10,8,2,14,3,24,0.76,"Rain,Thunderstorm"
1/4/15,51,43,35,100,69,38,10,10,10,16,7,26,0,""
1/5/15,52,41,29,75,54,32,10,10,10,8,4,12,0,""
1/6/15,71,54,36,76,50,23,10,10,10,9,2,13,0,""
1/7/15,51,41,30,76,54,32,10,10,10,21,9,32,0,""
1/8/15,36,30,23,56,48,39,10,10,10,15,5,23,T,"Rain"
1/9/15,38,36,34,70,62,54,10,10,4,13,6,21,0.02,"Rain"
1/10/15,36,34,32,100,76,52,10,4,2,8,3,13,0.3,"Rain,Thunderstorm"
1/11/15,49,42,34,100,90,80,10,7,2,8,3,13,0.17,"Rain"
1/12/15,46,43,40,100,88,76,10,5,0,14,5,20,0,"Fog"
1/13/15,42,39,35,92,83,73,10,7,4,12,7,21,0,""
1/14/15,40,39,38,92,86,79,8,4,2,9,5,15,0,""
1/15/15,59,49,38,92,68,43,10,9,6,12,4,19,0,""
1/16/15,64,51,38,92,64,36,10,10,10,8,3,12,0,""
1/17/15,69,54,39,92,63,34,10,10,6,12,3,20,0,""
1/18/15,72,59,46,53,37,20,10,10,10,10,3,15,0,""
1/19/15,75,56,37,85,59,33,10,10,10,10,3,19,0,""
1/20/15,80,61,41,89,59,28,10,10,7,12,3,19,0,""
1/21/15,56,53,50,96,84,71,10,5,1,10,6,17,0.16,"Rain"
1/22/15,52,47,41,100,91,82,10,4,1,20,10,32,2.07,"Rain"
1/23/15,51,45,38,93,77,61,10,8,3,15,6,23,0.4,"Rain"
1/24/15,63,50,36,92,62,32,10,10,10,13,4,21,0,""
1/25/15,73,57,40,85,53,20,10,10,10,13,6,20,0,""
1/26/15,74,60,46,61,43,25,10,10,10,10,5,17,0,""
1/27/15,83,67,51,71,47,23,10,10,10,14,6,24,0,""
1/28/15,81,62,42,96,60,23,10,10,10,14,4,22,0,""
1/29/15,79,66,52,100,68,35,10,10,6,16,4,25,T,""
1/30/15,58,53,48,63,52,40,10,10,10,14,6,23,T,"Rain"
1/31/15,62,56,49,100,80,59,10,5,1,15,4,21,0.31,"Rain"
2/1/15,73,59,44,100,77,53,10,8,4,17,7,28,0.02,"Rain"
2/2/15,49,41,33,62,48,34,10,10,10,15,6,22,0,""
2/3/15,43,42,40,96,76,55,10,6,2,8,2,11,0.26,"Rain"
2/4/15,55,49,42,100,92,83,10,5,1,8,2,13,0.06,"Rain"
2/5/15,52,45,38,92,77,62,10,10,5,16,7,26,T,""
2/6/15,60,49,37,86,69,51,10,10,7,10,3,16,0,""
2/7/15,69,55,40,93,71,49,10,8,4,13,5,21,0,""
2/8/15,78,68,58,93,72,50,10,10,8,14,6,26,0,""
2/9/15,83,68,52,77,49,20,10,10,10,9,3,13,0,""
2/10/15,81,64,46,86,57,28,10,10,10,10,4,18,0,""
2/11/15,78,65,51,100,64,27,10,7,1,16,5,26,0,""
2/12/15,62,53,44,65,51,36,10,10,10,16,7,27,0,""
2/13/15,70,55,39,79,58,37,10,10,10,10,2,15,0,""
2/14/15,78,63,48,86,60,33,10,10,10,9,3,14,0,""
2/15/15,68,63,57,87,80,73,10,10,7,10,5,19,T,""
2/16/15,66,51,36,93,79,64,10,8,2,17,9,28,0.01,"Rain"
2/17/15,55,45,34,82,59,35,10,10,10,13,7,22,0,""
2/18/15,66,49,32,89,56,22,10,10,10,13,4,18,0,""
2/19/15,70,54,38,85,61,37,10,10,10,14,5,28,0,""
2/20/15,75,65,54,86,72,57,10,10,9,16,9,31,0,""
2/21/15,78,67,55,87,69,50,10,10,9,14,6,25,0,""
2/22/15,56,47,37,93,80,66,10,8,2,20,7,30,0.02,"Rain"
2/23/15,37,34,30,92,87,82,10,7,2,17,9,24,0.01,"Rain"
2/24/15,37,34,30,92,84,76,10,8,2,9,4,15,0,""
2/25/15,63,49,35,100,64,27,10,8,3,13,3,21,0.01,"Rain"
2/26/15,52,43,33,96,74,52,10,10,5,15,7,24,0,""
2/27/15,36,34,31,92,72,52,10,8,2,13,7,21,0.01,"Rain"
2/28/15,36,34,31,100,93,85,10,5,2,10,5,17,0.1,"Rain"
3/1/15,43,39,35,100,95,89,8,4,2,10,6,16,0.09,"Rain"
3/2/15,45,42,38,100,95,89,10,5,1,10,4,15,0.02,"Rain"
3/3/15,63,52,41,100,95,90,5,2,0,8,1,13,0.01,"Fog,Rain"
3/4/15,70,52,34,100,95,89,10,4,0,21,6,36,0.15,"Fog,Rain,Thunderstorm"
3/5/15,47,39,31,89,61,33,10,9,2,20,10,33,0.13,"Rain,Thunderstorm"
3/6/15,57,42,26,81,54,27,10,10,10,8,2,13,0,""
3/7/15,60,49,38,82,56,29,10,10,10,10,2,13,T,""
3/8/15,54,51,47,100,69,38,10,3,1,12,3,16,0.45,"Rain"
3/9/15,55,52,49,100,97,93,10,5,1,8,4,13,2.17,"Rain"
3/10/15,63,57,50,96,78,60,10,10,10,9,4,14,0,""
3/11/15,59,57,54,86,79,72,10,10,10,13,6,20,0,""
3/12/15,73,63,52,96,73,49,10,10,9,13,5,18,0.02,"Rain"
3/13/15,78,66,53,100,68,36,10,8,1,12,3,18,0,""
3/14/15,78,66,53,89,61,33,10,10,10,15,6,23,0,""
3/15/15,69,60,51,89,72,55,10,10,10,12,3,16,0,""
3/16/15,77,65,52,100,73,46,10,9,4,10,3,17,0,""
3/17/15,77,70,63,100,82,64,10,8,4,9,3,16,0.01,"Rain"
3/18/15,81,71,60,93,74,54,10,10,8,13,4,20,0.13,"Rain"
3/19/15,83,73,63,100,79,58,10,8,2,12,5,17,0,""
3/20/15,71,64,57,93,89,84,10,6,0,15,4,22,1.17,"Fog,Rain"
3/21/15,61,58,55,100,95,90,10,7,2,10,4,17,0.43,"Rain"
3/22/15,78,68,57,100,75,50,10,10,7,9,4,15,0,""
3/23/15,80,66,52,100,73,45,10,10,6,9,3,14,0,""
3/24/15,83,71,59,97,72,47,10,10,9,14,7,22,0,""
3/25/15,84,73,62,93,72,51,10,10,10,16,8,27,0,""
3/26/15,70,62,54,93,62,31,10,9,2,20,10,29,0.05,"Rain"
3/27/15,82,64,46,71,44,16,10,10,10,13,4,19,0,""
3/28/15,84,66,48,86,54,22,10,10,10,13,5,24,0,""
3/29/15,84,71,57,93,67,40,10,10,10,17,8,28,0,""
3/30/15,80,72,64,93,76,58,10,10,9,12,5,18,0,""
3/31/15,82,74,66,93,74,54,10,10,7,13,7,20,0,""
4/1/15,83,76,68,90,71,51,10,9,4,14,7,25,T,"Rain"
4/2/15,84,76,68,90,76,62,10,8,6,15,8,26,0,""
4/3/15,86,76,66,90,67,43,10,8,4,17,7,27,0,""
4/4/15,69,63,56,61,53,44,10,10,10,17,8,32,0,""
4/5/15,69,64,59,100,78,56,10,5,1,10,4,16,0.02,"Rain"
4/6/15,85,75,65,100,76,51,10,8,2,14,7,24,0,""
4/7/15,87,78,68,90,71,51,10,10,8,16,8,26,0,""
4/8/15,79,74,69,90,81,71,10,9,6,16,8,29,T,""
4/9/15,87,79,70,90,73,55,10,9,7,15,7,27,0,""
4/10/15,74,65,56,93,70,47,10,10,10,14,5,26,0.09,"Rain,Thunderstorm"
4/11/15,70,65,59,100,86,72,10,5,1,7,3,12,T,"Rain"
4/12/15,82,75,67,100,81,62,10,5,0,13,5,19,0.01,"Fog"
4/13/15,87,76,64,100,67,34,10,8,2,13,4,19,0.09,"Rain,Thunderstorm"
4/14/15,77,67,57,87,67,46,10,10,10,12,6,20,0,""
4/15/15,83,69,54,93,69,45,10,10,10,14,4,20,0,""
4/16/15,81,74,67,93,78,62,10,9,4,17,4,27,0.01,"Rain,Thunderstorm"
4/17/15,75,71,66,93,81,69,10,8,2,12,4,18,0.41,"Rain,Thunderstorm"
4/18/15,77,66,54,100,82,64,10,8,0,28,4,43,0.57,"Fog,Rain,Thunderstorm"
4/19/15,89,73,57,100,60,20,10,7,0,15,6,25,0,"Fog,Thunderstorm"
4/20/15,73,64,54,64,48,32,10,10,10,15,6,25,0,""
4/21/15,81,66,51,89,66,43,10,10,10,13,5,22,0,""
4/22/15,81,74,67,93,79,64,10,10,7,16,7,23,T,""
4/23/15,85,77,68,100,85,69,10,8,1,10,4,16,0,""
4/24/15,85,77,69,100,85,69,10,6,1,14,5,23,0.43,"Rain,Thunderstorm"
4/25/15,93,82,70,100,61,21,10,7,2,12,5,20,0.04,"Thunderstorm"
4/26/15,86,78,69,93,77,61,10,8,1,18,8,32,0.08,"Rain,Thunderstorm"
4/27/15,85,74,63,100,66,32,10,9,1,17,4,37,0.56,"Rain,Thunderstorm"
4/28/15,65,59,53,84,74,64,10,10,10,17,8,26,0,""
4/29/15,77,63,49,93,61,29,10,10,10,12,5,19,0,""
4/30/15,83,67,50,89,60,31,10,10,8,10,3,14,0,""
5/1/15,84,70,55,86,60,33,10,10,10,10,2,15,0,""
5/2/15,83,71,58,80,58,36,10,10,10,13,4,20,0,""
5/3/15,84,71,58,93,67,40,10,10,10,15,6,23,0,""
5/4/15,84,75,66,93,71,49,10,10,4,16,8,26,0,""
5/5/15,83,75,66,100,77,54,10,6,0,20,7,28,3.84,"Fog,Rain,Thunderstorm"
5/6/15,87,79,71,93,74,55,10,8,3,14,8,23,0.01,"Rain"
5/7/15,83,78,73,87,81,74,10,9,2,17,9,26,0.02,"Rain"
5/8/15,79,76,73,93,88,82,10,5,1,13,6,19,0.29,"Rain,Thunderstorm"
5/9/15,85,79,72,93,79,65,10,7,2,17,9,31,0.02,"Rain,Thunderstorm"
5/10/15,87,82,76,87,71,55,10,9,7,17,10,29,0,""
5/11/15,79,74,68,94,78,62,10,7,1,12,5,20,0.4,"Rain,Thunderstorm"
5/12/15,69,67,65,100,91,81,10,8,1,10,5,17,0.23,"Rain"
5/13/15,70,67,64,100,97,93,10,5,0,14,4,26,1.12,"Fog,Rain,Thunderstorm"
5/14/15,87,78,68,100,83,65,10,6,1,15,5,24,0.08,"Rain"
5/15/15,77,72,67,100,87,74,10,8,1,13,4,20,0.36,"Rain,Thunderstorm"
5/16/15,87,77,67,97,79,61,10,9,6,18,9,30,0,""
5/17/15,84,75,66,100,83,65,10,6,1,22,5,35,2.6,"Rain,Thunderstorm"
5/18/15,88,81,73,93,77,61,10,9,3,12,5,20,0,"Rain"
5/19/15,89,82,74,87,73,59,10,8,5,17,8,28,T,"Rain"
5/20/15,89,81,72,94,75,56,10,8,1,13,5,21,0.33,"Rain,Thunderstorm"
5/21/15,76,69,62,94,84,73,10,10,7,15,6,24,0.02,"Rain,Thunderstorm"
5/22/15,77,70,62,100,91,82,10,6,1,10,4,17,0.03,"Rain"
5/23/15,87,77,66,100,83,65,10,6,0,18,7,32,1.41,"Fog,Rain,Thunderstorm"
5/24/15,82,73,64,93,81,69,10,10,5,8,6,17,0.76,"Rain"
5/25/15,82,74,66,100,87,74,10,7,0,16,5,29,5.2,"Fog,Rain,Thunderstorm"
5/26/15,89,78,66,100,80,59,10,6,2,13,6,20,0,"Thunderstorm"
5/27/15,85,76,67,94,82,69,10,9,6,12,5,18,T,"Rain,Thunderstorm"
5/28/15,87,78,69,94,80,65,10,8,2,15,6,25,0.2,"Rain,Thunderstorm"
5/29/15,89,77,64,100,76,51,10,8,1,21,5,33,0.67,"Rain,Thunderstorm"
5/30/15,88,79,70,93,74,55,10,10,8,12,2,16,T,"Rain,Thunderstorm"
5/31/15,86,77,67,90,67,44,10,10,10,9,2,16,0,""
6/1/15,88,76,64,93,70,46,10,10,9,8,2,12,0,""
6/2/15,90,79,67,93,70,46,10,10,10,9,2,16,0,""
6/3/15,89,78,67,90,69,47,10,10,10,13,5,20,0,""
6/4/15,88,78,68,90,68,45,10,10,10,12,4,16,0,""
6/5/15,90,80,69,97,72,47,10,10,10,12,4,17,T,""
6/6/15,90,80,70,97,72,46,10,10,10,9,3,14,0,""
6/7/15,91,81,70,97,71,44,10,10,10,12,4,17,0,""
6/8/15,93,82,71,93,67,41,10,10,10,9,3,13,0,""
6/9/15,95,84,72,87,60,33,10,10,10,8,3,13,0,""
6/10/15,93,83,72,79,62,44,10,10,10,10,4,16,0,""
6/11/15,94,84,73,93,71,49,10,10,10,15,7,25,0,""
6/12/15,93,84,75,88,70,52,10,10,10,13,6,20,0.01,""
6/13/15,95,85,75,94,70,46,10,10,10,18,7,29,T,""
6/14/15,86,79,72,100,87,74,10,8,0,13,6,22,1.34,"Fog,Rain,Thunderstorm"
6/15/15,89,82,74,100,78,55,10,9,2,16,4,24,0.19,"Rain,Thunderstorm"
6/16/15,83,78,73,94,84,74,10,8,0,15,7,25,1.34,"Fog,Rain,Thunderstorm"
6/17/15,89,81,72,100,83,65,10,7,0,23,5,15,2.66,"Fog,Rain,Thunderstorm"
6/18/15,90,82,73,100,82,64,10,10,7,12,4,21,0,"Thunderstorm"
6/19/15,84,78,71,94,87,79,10,8,0,13,1,22,1.09,"Fog,Rain,Thunderstorm"
6/20/15,83,78,72,100,90,79,10,8,0,17,3,26,0.49,"Fog,Rain,Thunderstorm"
6/21/15,86,79,72,100,85,70,10,7,0,17,4,29,0.93,"Fog,Rain,Thunderstorm"
6/22/15,89,81,72,100,84,68,10,9,6,10,5,17,0,""
6/23/15,92,84,75,94,73,52,10,10,10,13,5,20,0,"Thunderstorm"
6/24/15,92,83,74,100,78,56,10,10,10,12,3,16,0,""
6/25/15,93,83,73,100,76,52,10,10,10,12,4,17,0,""
6/26/15,93,85,76,94,73,52,10,10,10,10,6,18,0,""
6/27/15,91,83,74,94,75,56,10,10,6,14,1,22,0.01,"Rain,Thunderstorm"
6/28/15,91,82,73,94,73,52,10,9,2,13,2,17,0.08,"Rain,Thunderstorm"
6/29/15,93,84,74,100,75,49,10,9,5,10,5,18,0,""
6/30/15,94,84,73,100,76,52,10,7,0,14,4,26,0.75,"Fog,Rain,Thunderstorm"
7/1/15,91,81,71,93,78,63,10,10,10,17,4,31,T,"Rain"
7/2/15,91,81,70,100,78,56,10,10,6,16,6,29,T,""
7/3/15,91,84,76,88,69,49,10,9,7,12,6,19,T,""
7/4/15,92,84,76,94,73,52,10,10,9,14,7,22,0,""
7/5/15,91,84,76,94,75,56,10,10,8,14,7,26,0,""
7/6/15,91,84,77,88,72,55,10,9,7,16,8,28,0,""
7/7/15,91,85,78,85,71,56,10,10,8,16,8,28,T,""
7/8/15,91,85,78,85,69,52,10,9,6,18,8,29,0,""
7/9/15,93,85,76,88,65,41,10,9,6,16,8,24,0,""
7/10/15,94,84,74,94,68,41,10,9,6,13,6,21,0,""
7/11/15,93,83,73,94,69,44,10,10,8,14,5,19,0,""
7/12/15,94,84,74,87,67,46,10,10,10,12,5,19,0,""
7/13/15,96,86,75,94,69,43,10,10,9,13,5,19,0,""
7/14/15,97,86,74,87,61,34,10,10,10,10,6,18,0,""
7/15/15,95,85,75,87,64,41,10,10,10,13,6,19,0,""
7/16/15,95,85,74,93,69,44,10,10,4,12,6,19,0,""
7/17/15,96,86,76,88,66,43,10,10,10,13,7,21,0,""
7/18/15,98,88,77,88,65,42,10,10,10,14,7,23,0,""
7/19/15,97,87,76,88,65,42,10,10,10,13,6,22,0,""
7/20/15,97,86,74,94,66,38,10,10,8,12,5,19,0,""
7/21/15,97,86,75,94,66,38,10,10,8,13,6,19,0,""
7/22/15,97,87,77,85,64,42,10,10,10,13,7,23,0,""
7/23/15,99,88,77,88,62,35,10,10,10,14,7,24,0,""
7/24/15,99,88,77,85,62,38,10,10,10,13,6,20,0,""
7/25/15,98,87,75,94,66,38,10,10,10,12,5,19,0,""
7/26/15,98,87,76,94,67,40,10,9,6,12,6,17,0,""
7/27/15,100,89,77,88,62,35,10,9,5,13,6,20,0,""
7/28/15,100,89,77,91,63,35,10,9,6,14,8,25,0,""
7/29/15,101,89,76,88,61,33,10,10,10,12,6,18,0,""
7/30/15,101,88,75,82,55,27,10,10,10,10,2,16,0,""
7/31/15,102,90,78,69,52,35,10,10,10,13,4,21,0,""
8/1/15,99,86,73,68,47,25,10,10,10,10,3,17,0,""
8/2/15,100,88,75,69,48,26,10,10,10,10,3,16,0,""
8/3/15,99,87,75,79,54,29,10,10,10,13,4,17,0,""
8/4/15,100,89,77,88,62,35,10,10,10,12,6,22,0,""
8/5/15,101,90,78,85,59,33,10,10,10,13,7,21,0,""
8/6/15,102,90,77,85,59,33,10,10,10,13,7,22,0,""
8/7/15,101,89,76,88,61,33,10,10,10,13,6,22,0,""
8/8/15,103,90,76,100,66,31,10,10,10,20,10,24,0,""
8/9/15,103,89,74,100,65,29,-,-,-,-,-,-,0,""
8/10/15,105,90,74,100,62,24,-,-,-,14,6,20,0,""
8/11/15,105,90,75,-,-,-,-,-,-,-,-,-,0,""
8/12/15,105,92,79,55,43,31,10,10,10,13,3,20,0,""
8/13/15,104,91,78,74,51,27,10,10,10,10,3,19,0,""
8/14/15,101,90,78,85,58,31,10,10,10,10,4,17,0,""
8/15/15,98,89,79,74,54,33,10,10,10,10,3,16,0,"Thunderstorm"
8/16/15,98,87,75,82,58,33,10,10,8,13,4,19,0,""
8/17/15,98,86,74,87,61,35,10,10,9,12,4,17,0,""
8/18/15,99,88,76,88,62,35,10,10,10,14,7,23,0,""
8/19/15,99,89,78,85,62,39,10,10,10,13,6,20,0,""
8/20/15,84,79,73,94,78,62,10,8,1,13,4,22,0.35,"Rain,Thunderstorm"
8/21/15,92,82,72,93,73,52,10,9,4,14,5,23,T,"Rain"
8/22/15,99,87,75,94,65,35,10,10,10,13,6,22,0,""
8/23/15,101,89,76,94,64,33,10,10,10,12,5,18,0,""
8/24/15,101,89,76,87,58,29,10,10,10,9,2,15,0,""
8/25/15,101,89,77,79,56,33,10,10,10,12,3,23,0,""
8/26/15,98,86,73,87,62,36,10,10,10,8,3,13,0,""
8/27/15,98,86,74,87,56,25,10,10,10,12,4,18,0,""
8/28/15,98,85,72,73,50,27,10,10,10,12,4,18,0,""
8/29/15,95,83,71,79,55,31,10,10,10,9,3,15,0,""
8/30/15,96,86,75,74,55,36,10,10,10,10,3,17,0,""
8/31/15,97,86,74,87,59,30,10,10,10,16,5,24,0,""
9/1/15,94,84,74,87,64,41,10,10,10,14,5,21,0,""
9/2/15,95,83,71,90,65,39,10,10,10,12,4,19,0,""
9/3/15,94,84,73,87,64,41,10,10,10,13,3,19,0,""
9/4/15,100,88,75,88,62,35,10,10,10,14,6,23,0,""
9/5/15,101,90,79,91,62,33,10,10,10,16,7,24,0.01,""
9/6/15,100,88,76,94,63,31,10,10,8,12,6,19,0,""
9/7/15,100,88,76,88,61,33,10,10,10,13,6,20,0,""
9/8/15,99,88,76,88,61,33,10,10,10,10,5,16,0,""
9/9/15,93,84,74,100,74,47,10,8,1,10,3,17,1.05,"Rain,Thunderstorm"
9/10/15,96,84,72,100,71,42,10,7,0,16,2,25,0.79,"Fog,Rain,Thunderstorm"
9/11/15,93,84,75,94,72,49,10,8,4,12,3,20,T,""
9/12/15,91,80,69,87,55,23,10,10,10,13,5,20,0,""
9/13/15,91,77,63,73,49,24,10,10,10,13,4,20,0,""
9/14/15,90,77,64,79,53,27,10,10,10,12,5,17,0,""
9/15/15,95,84,73,87,67,46,10,10,7,16,5,26,T,""
9/16/15,93,84,75,94,72,49,10,9,2,13,6,19,0.04,"Rain"
9/17/15,96,86,75,94,67,39,10,10,10,13,6,18,0,""
9/18/15,96,86,75,94,64,33,10,10,10,12,6,18,0,""
9/19/15,96,85,74,94,60,26,10,10,10,9,3,14,0,""
9/20/15,95,82,69,90,60,30,-,-,-,9,3,15,0,""
9/21/15,95,84,73,87,57,26,-,-,-,12,4,16,0,""
9/22/15,97,84,70,79,56,33,10,10,10,10,4,17,0,""
9/23/15,94,81,68,90,58,26,10,10,9,10,2,15,0,""
9/24/15,95,82,69,73,49,24,10,10,10,10,2,16,0,""
9/25/15,96,84,72,79,58,36,10,10,10,12,2,19,T,"Rain,Thunderstorm"
9/26/15,95,82,68,84,54,24,10,10,10,12,3,21,0,""
9/27/15,95,81,67,76,50,24,10,10,10,13,2,22,0,""
9/28/15,89,79,69,90,64,38,10,10,7,12,3,17,0,""
9/29/15,94,81,67,87,63,38,10,10,10,10,2,17,0,""
9/30/15,95,83,70,84,56,28,10,10,10,10,2,16,0,""
10/1/15,94,82,69,73,52,30,10,9,1,12,4,17,0,""
10/2/15,89,78,67,68,45,22,10,10,10,12,5,18,0,""
10/3/15,87,72,56,57,40,22,10,10,10,8,3,14,0,""
10/4/15,87,73,59,67,45,23,10,10,10,8,2,14,0,""
10/5/15,85,76,67,57,45,32,10,10,10,9,2,13,0,""
10/6/15,90,77,63,63,44,24,10,10,10,8,3,12,0,""
10/7/15,91,77,62,72,54,36,10,10,10,12,3,15,0,""
10/8/15,91,80,68,90,64,38,10,10,10,10,3,20,0,""
10/9/15,88,80,72,79,62,45,10,10,9,8,2,11,0,""
10/10/15,90,79,67,78,56,34,10,10,10,10,3,16,0,""
10/11/15,95,80,64,78,55,31,10,10,10,13,4,21,0,""
10/12/15,99,86,72,90,62,33,10,9,5,13,6,23,0,""
10/13/15,94,79,64,79,45,10,10,10,10,12,5,20,0,""
10/14/15,96,78,60,60,36,12,10,10,5,9,3,15,0,""
10/15/15,95,79,63,87,55,23,10,10,7,12,4,21,0,""
10/16/15,90,76,62,93,60,26,10,10,10,12,2,16,0,""
10/17/15,88,75,62,67,46,25,10,10,10,9,4,16,0,""
10/18/15,84,71,57,51,33,14,10,10,10,9,4,14,0,""
10/19/15,86,70,54,67,46,25,10,10,10,12,4,18,0,""
10/20/15,87,73,58,86,61,35,10,10,10,13,4,20,0,""
10/21/15,86,79,72,90,71,51,10,10,9,16,8,24,T,"Rain"
10/22/15,82,76,70,100,85,69,10,7,2,16,7,25,0.16,"Rain"
10/23/15,80,76,71,100,91,82,10,7,1,21,6,32,0.43,"Rain,Thunderstorm"
10/24/15,76,68,60,100,94,87,10,4,1,17,9,26,4.79,"Rain"
10/25/15,64,61,57,100,89,78,10,8,3,17,9,31,0.65,"Rain"
10/26/15,79,69,58,78,62,45,10,10,10,15,6,23,0,""
10/27/15,84,71,58,93,61,28,10,10,10,8,3,14,0,""
10/28/15,82,70,58,78,53,28,10,10,10,18,4,31,0,""
10/29/15,81,66,51,96,66,35,10,10,10,12,4,18,0,""
10/30/15,75,71,67,100,90,79,10,4,0,29,8,42,4.93,"Fog,Rain,Thunderstorm"
10/31/15,77,71,65,100,82,64,10,8,1,16,4,27,0.89,"Rain,Thunderstorm"
11/1/15,75,67,59,97,75,53,10,10,5,8,3,12,0.07,"Rain"
11/2/15,79,68,57,100,75,50,10,5,0,10,3,14,0,"Fog"
11/3/15,80,69,57,100,74,47,10,7,0,10,3,14,0,"Fog"
11/4/15,78,70,61,100,82,64,10,9,5,13,5,20,T,"Rain"
11/5/15,85,79,72,100,83,65,10,9,2,12,6,19,0.05,"Rain,Thunderstorm"
11/6/15,76,68,59,87,62,37,10,10,10,14,3,20,0.02,"Rain"
11/7/15,63,60,56,100,79,57,10,8,0,17,8,28,0.53,"Fog,Rain"
11/8/15,71,62,53,72,56,39,10,10,10,13,5,20,0,""
11/9/15,73,63,52,83,66,49,10,10,10,6,1,9,0,""
11/10/15,74,67,60,90,82,73,10,10,10,12,4,20,0,""
11/11/15,85,77,69,93,62,31,10,10,10,13,7,25,0,""
11/12/15,71,64,56,51,36,20,10,10,10,16,6,27,0,""
11/13/15,65,61,56,57,47,37,10,10,10,7,4,14,0,""
11/14/15,65,60,54,83,66,48,10,10,6,8,3,11,0.01,"Rain"
11/15/15,70,62,54,87,73,58,10,10,10,9,4,17,0,""
11/16/15,75,70,65,100,92,84,10,8,2,16,7,28,0.01,"Rain"
11/17/15,75,61,47,93,69,44,10,8,1,18,4,30,1.03,"Rain"
11/18/15,72,58,43,93,64,35,10,10,10,9,2,15,0,""
11/19/15,79,63,46,86,59,32,10,10,10,8,1,11,0,""
11/20/15,77,65,52,93,67,40,10,10,10,12,4,17,0,""
11/21/15,66,54,41,93,63,32,10,10,7,22,7,35,T,""
11/22/15,59,47,34,82,56,30,10,10,10,8,2,13,0,""
11/23/15,63,48,32,92,61,30,10,10,10,9,2,14,0,""
11/24/15,64,56,47,80,74,67,10,10,10,9,3,16,0,""
11/25/15,74,68,62,93,77,61,10,10,5,14,5,22,T,"Rain"
11/26/15,74,71,68,100,91,81,10,8,2,14,7,20,0.26,"Rain"
11/27/15,74,58,41,100,94,87,10,6,0,15,7,22,1.46,"Fog,Rain"
11/28/15,44,42,39,100,91,82,10,9,4,13,7,19,0.25,"Rain"
11/29/15,47,45,42,96,91,86,10,8,2,9,4,15,0.04,"Rain"
11/30/15,55,50,45,100,86,72,10,10,4,7,2,11,0,""
12/1/15,59,53,46,93,72,51,10,10,10,7,2,12,0,""
12/2/15,68,55,42,100,65,29,10,10,0,9,3,14,0,"Fog"
12/3/15,63,52,40,86,61,36,10,10,10,8,1,12,0,""
12/4/15,63,50,37,92,66,39,10,10,10,9,2,13,0,""
12/5/15,65,51,37,92,66,40,10,10,10,9,2,14,0,""
12/6/15,70,57,44,93,71,49,10,10,9,10,2,16,0,""
12/7/15,69,57,44,92,64,35,10,10,4,7,1,12,0,""
12/8/15,75,59,42,96,70,43,10,10,8,12,3,21,0,""
12/9/15,76,62,47,93,61,29,10,10,8,8,2,13,0,""
12/10/15,78,65,51,100,78,56,10,8,2,10,4,19,0,""
12/11/15,79,66,52,100,79,58,10,6,0,14,6,23,0,"Fog"
12/12/15,75,73,70,90,85,79,10,9,6,17,9,29,0.01,"Rain"
12/13/15,74,60,46,96,84,72,10,6,1,23,4,37,1.54,"Rain"
12/14/15,75,59,42,89,57,25,10,10,10,10,3,18,0,""
12/15/15,75,64,53,100,86,71,10,10,8,9,4,16,0,""
12/16/15,63,55,46,53,40,27,10,10,10,15,8,26,0,""
12/17/15,68,54,39,79,54,28,10,10,10,14,4,25,0,""
12/18/15,58,46,34,76,55,33,10,10,10,13,3,24,0,""
12/19/15,66,51,36,92,68,44,10,10,10,13,4,20,0,""
12/20/15,67,59,51,100,89,78,10,10,5,13,5,25,T,"Rain"
12/21/15,76,65,54,93,79,64,10,9,5,8,2,15,0,""
12/22/15,79,64,49,93,69,45,10,10,10,13,5,20,0,""
12/23/15,81,67,53,93,59,25,10,9,3,15,3,24,0,""
12/24/15,74,63,52,93,81,68,10,9,4,10,1,16,0,""
12/25/15,70,61,51,93,77,61,10,9,6,9,2,17,0,""
12/26/15,78,74,70,93,85,76,10,9,5,21,10,31,0.1,"Rain"
12/27/15,73,55,36,93,89,84,10,8,1,21,10,33,1.32,"Rain,Thunderstorm"
12/28/15,46,41,36,92,75,58,10,10,10,21,8,35,T,""
12/29/15,49,43,37,92,74,56,10,8,3,8,3,11,0.03,"Rain"
12/30/15,57,49,41,100,80,59,10,7,3,9,4,14,T,"Rain"
12/31/15,53,46,39,93,78,63,10,10,10,13,6,20,0,""
1/1/16,48,46,44,66,60,53,-,-,-,15,8,24,T,"Rain"
1/2/16,47,45,42,100,77,53,-,-,-,8,2,13,0.2,"Rain"
1/3/16,62,52,41,96,70,43,10,10,10,9,3,14,T,"Rain"
1/4/16,58,48,37,79,58,36,10,10,10,9,4,13,0,""
1/5/16,56,46,36,85,68,51,10,10,10,9,3,12,T,"Rain"
1/6/16,53,50,46,100,86,71,10,5,1,9,3,13,0.13,"Rain,Thunderstorm"
1/7/16,73,61,49,100,71,41,10,5,0,9,2,13,0,"Fog"
1/8/16,66,55,44,100,86,72,10,7,2,13,3,18,0,"Thunderstorm"
1/9/16,58,48,38,71,59,46,10,10,10,18,9,30,0,""
1/10/16,50,42,33,82,61,39,10,10,10,12,4,16,0,""
1/11/16,56,45,34,82,59,35,10,10,10,7,1,9,0,""
1/12/16,66,50,34,89,58,27,10,10,10,10,2,16,0,""
1/13/16,66,52,38,92,68,43,10,10,10,10,2,17,0,""
1/14/16,70,59,47,93,75,57,10,10,10,12,3,19,0,""
1/15/16,70,59,48,93,58,22,10,10,10,10,3,17,0,""
1/16/16,64,54,43,76,61,46,10,10,10,20,5,29,T,"Rain"
1/17/16,57,45,32,89,65,41,10,10,10,12,3,18,0,""
1/18/16,59,48,36,92,70,47,10,10,10,8,2,12,0,""
1/19/16,69,56,43,100,78,55,10,7,2,14,4,26,0,""
1/20/16,57,51,45,89,70,50,10,10,9,12,4,17,0,""
1/21/16,64,54,43,100,66,32,10,6,1,22,7,36,0.01,"Rain"
1/22/16,54,46,37,70,56,41,10,10,10,18,8,26,0,""
1/23/16,57,44,31,85,61,36,10,10,10,8,3,12,0,""
1/24/16,70,53,35,82,61,40,10,10,10,14,5,24,0,""
1/25/16,75,66,56,93,66,38,10,10,10,10,4,20,0,""
1/26/16,58,51,43,58,50,41,10,10,10,18,10,30,T,"Rain"
1/27/16,59,48,36,70,47,24,10,10,10,14,5,21,0,""
1/28/16,71,52,32,82,53,23,10,10,10,10,2,17,0,""
1/29/16,76,57,38,85,53,21,10,10,10,14,4,24,0,""
1/30/16,77,62,46,84,59,33,10,10,10,14,6,25,0,""
1/31/16,86,72,58,93,55,17,10,10,10,12,5,19,0,""
2/1/16,77,66,54,100,73,46,10,7,0,18,8,28,0,"Fog"
2/2/16,72,62,51,37,28,18,10,10,5,16,6,23,0,""
2/3/16,58,49,39,54,41,28,10,10,10,15,7,23,0,""
2/4/16,59,47,34,75,49,23,10,10,10,8,3,12,0,""
2/5/16,62,48,33,70,47,24,10,10,10,15,4,22,0,""
2/6/16,60,51,39,79,51,28,10,10,10,15,7,29,0,"Rain,Thunderstorm"
2/7/16,68,50,32,96,62,28,10,10,6,13,3,21,0,""
2/8/16,65,56,46,58,37,15,10,10,10,17,8,29,0,""
2/9/16,74,57,39,59,40,20,10,10,10,14,6,23,0,""
2/10/16,74,56,38,82,54,25,10,10,10,9,3,16,0,""
2/11/16,83,68,52,52,36,20,10,10,10,13,5,20,0,""
2/12/16,79,63,47,93,60,27,10,10,10,10,3,19,0,""
2/13/16,75,64,52,78,60,42,10,10,10,15,6,24,0,""
2/14/16,75,66,57,93,71,49,10,10,9,15,6,26,0,""
2/15/16,74,62,50,90,59,27,10,10,10,16,5,25,0,""
2/16/16,82,63,43,71,49,26,10,10,10,12,4,19,0,""
2/17/16,75,63,50,44,35,25,10,10,10,13,6,21,0,""
2/18/16,79,67,54,93,68,42,10,10,7,16,9,29,0,""
2/19/16,81,73,64,81,63,45,10,10,10,16,8,28,0,""
2/20/16,76,71,66,87,76,64,10,10,7,14,6,21,0,""
2/21/16,71,68,65,93,86,79,10,10,8,9,3,16,0.01,"Rain"
2/22/16,72,65,57,90,74,57,10,10,7,12,4,18,0,""
2/23/16,61,54,47,93,76,59,10,8,1,23,9,37,1.33,"Rain,Thunderstorm"
2/24/16,65,54,42,76,49,21,10,10,10,18,7,28,0,""
2/25/16,69,54,38,79,53,26,10,10,10,13,5,19,0,""
2/26/16,64,53,41,56,42,27,10,10,10,10,3,16,0,""
2/27/16,73,58,42,82,62,42,10,10,10,14,5,21,0,""
2/28/16,78,67,55,93,72,50,10,10,10,13,7,23,0,""
2/29/16,77,70,62,93,72,50,10,10,10,13,6,22,0,""
3/1/16,81,70,59,87,62,36,10,10,10,16,8,28,0,""
3/2/16,78,64,49,81,59,36,10,10,8,16,6,25,0,""
3/3/16,83,73,62,87,53,18,10,10,9,17,7,28,0,""
3/4/16,76,61,45,71,48,25,10,10,10,12,4,22,0,""
3/5/16,79,68,57,93,66,39,10,10,10,12,6,18,0,""
3/6/16,77,68,58,93,74,54,10,9,5,16,9,26,0,""
3/7/16,76,70,64,87,76,64,10,9,2,21,11,33,0.01,"Rain"
3/8/16,83,76,68,90,74,58,10,8,1,17,9,30,0.22,"Rain,Thunderstorm"
3/9/16,71,65,59,100,92,84,10,6,1,15,8,27,2.18,"Rain,Thunderstorm"
3/10/16,64,61,58,93,92,90,10,8,2,16,8,26,0.4,"Rain"
3/11/16,71,65,59,100,87,73,10,7,2,9,3,15,0.36,"Rain,Thunderstorm"
3/12/16,74,66,57,100,75,49,10,10,8,9,4,16,T,"Rain"
3/13/16,85,71,56,97,59,20,10,8,2,15,4,25,0,""
3/14/16,92,73,54,73,48,23,10,10,10,14,5,26,0,""
3/15/16,92,80,67,100,59,18,10,7,3,12,6,20,0,""
3/16/16,81,71,61,84,61,37,10,9,5,13,5,17,0,""
3/17/16,79,73,67,90,76,62,10,6,1,7,4,12,0.02,"Rain"
3/18/16,79,68,56,100,85,69,10,7,2,17,5,25,0.07,"Rain,Thunderstorm"
3/19/16,62,55,47,72,52,31,10,10,10,18,11,29,0,""
3/20/16,64,53,42,62,44,25,10,10,10,15,5,23,0,""
3/21/16,68,52,35,82,57,32,10,10,10,12,4,20,0,""
3/22/16,78,62,45,86,67,47,10,10,10,17,9,31,0,""
3/23/16,82,74,65,87,71,54,10,10,7,15,9,27,0.05,""
3/24/16,70,59,48,72,51,30,10,8,2,17,8,28,0.15,"Rain,Thunderstorm"
3/25/16,73,57,41,89,60,31,10,10,10,12,4,19,0,""
3/26/16,74,61,48,93,75,57,10,9,5,13,4,20,0,""
3/27/16,74,65,56,100,70,40,10,8,2,15,5,24,T,"Rain"
3/28/16,75,62,48,71,51,31,10,10,10,10,4,18,0,""
3/29/16,69,64,58,100,76,52,10,5,2,13,6,22,0.02,"Rain"
3/30/16,77,73,68,100,88,76,10,5,2,14,7,24,0.03,"Rain"
3/31/16,86,76,66,97,59,20,10,7,2,12,5,18,0,""
4/1/16,66,59,51,72,57,42,10,9,2,21,8,37,0.34,"Rain,Thunderstorm"
4/2/16,74,60,45,76,50,23,10,10,10,13,5,20,0,""
4/3/16,79,62,44,89,58,27,10,10,10,12,3,17,0,""
4/4/16,83,68,53,66,48,30,10,10,10,12,4,18,0,""
4/5/16,82,68,53,66,50,33,10,10,10,15,5,25,0,""
4/6/16,82,69,55,90,56,21,10,10,10,15,6,23,0,""
4/7/16,85,67,48,86,55,23,10,10,10,9,3,19,0,""
4/8/16,80,68,55,77,51,25,10,10,10,12,4,19,0,""
4/9/16,77,68,58,84,63,41,10,10,2,16,5,26,0.02,"Rain,Thunderstorm"
4/10/16,79,72,65,87,75,62,10,10,10,21,8,32,T,""
4/11/16,89,80,70,93,74,55,10,10,6,15,5,26,T,""
4/12/16,73,68,62,93,83,73,10,8,1,15,7,26,1.19,"Rain,Thunderstorm"
4/13/16,72,65,58,100,83,66,10,8,2,10,4,20,0.4,"Rain"
4/14/16,77,66,54,100,75,50,10,6,0,10,4,17,0,"Fog"
4/15/16,79,67,54,100,77,54,10,8,4,14,5,22,0,""
4/16/16,75,70,64,100,92,84,10,7,1,16,8,28,0.25,"Rain"
4/17/16,78,71,64,97,90,82,10,5,0,16,6,25,1.34,"Fog,Rain,Thunderstorm"
4/18/16,75,69,63,100,87,73,10,6,1,13,4,23,1.13,"Rain,Thunderstorm"
4/19/16,81,72,62,100,79,58,10,6,1,8,2,13,0,""
4/20/16,81,71,60,93,72,51,10,9,2,20,4,35,0.58,"Rain,Thunderstorm"
4/21/16,83,72,60,93,70,47,10,8,2,17,5,25,0.41,"Rain,Thunderstorm"
4/22/16,84,72,60,93,63,33,10,10,10,12,4,16,0,""
4/23/16,83,69,55,87,61,34,10,10,10,9,3,17,0,""
4/24/16,79,71,63,93,79,64,10,10,10,13,6,20,T,""
4/25/16,88,79,70,93,76,59,10,10,6,15,7,25,0,"Thunderstorm"
4/26/16,86,79,72,93,77,61,10,8,4,17,9,27,0,""
4/27/16,90,76,62,93,54,15,10,8,1,16,5,37,0.54,"Rain,Thunderstorm"
4/28/16,87,75,63,93,71,48,10,8,2,15,7,25,T,""
4/29/16,84,80,75,94,82,70,10,7,3,14,7,23,T,"Rain"
4/30/16,86,76,66,94,73,51,10,8,0,13,4,23,0.92,"Fog,Rain,Thunderstorm"
5/1/16,78,72,66,87,69,50,10,10,10,13,7,22,T,""
5/2/16,70,64,57,80,68,55,10,10,10,15,7,25,T,"Rain,Thunderstorm"
5/3/16,78,67,55,86,60,33,10,10,10,12,4,19,0,""
5/4/16,87,71,54,89,57,25,10,10,10,13,5,19,0,""
5/5/16,89,74,59,72,51,29,10,10,10,8,4,15,0,""
5/6/16,86,71,56,86,60,34,10,10,10,10,3,19,0,""
5/7/16,85,73,60,90,65,40,10,10,10,17,6,29,0,""
5/8/16,73,70,67,97,88,78,10,10,3,17,8,27,0.11,"Rain"
5/9/16,87,77,67,87,69,50,10,10,7,16,7,30,0,""
5/10/16,91,79,66,93,75,56,10,6,2,17,8,29,0.27,"Rain,Thunderstorm"
5/11/16,87,76,65,87,76,65,10,8,2,18,6,26,0.33,"Rain,Thunderstorm"
5/12/16,84,76,68,93,78,62,10,9,2,17,4,29,0.11,"Rain,Thunderstorm"
5/13/16,87,79,71,79,69,58,10,10,10,8,4,13,T,""
5/14/16,81,72,63,100,87,74,10,6,1,9,2,16,0.77,"Rain,Thunderstorm"
5/15/16,72,67,62,93,83,72,10,9,4,9,4,15,0.23,"Rain"
5/16/16,80,74,67,100,84,67,10,6,2,12,5,17,0.26,"Rain"
5/17/16,82,74,65,100,83,65,10,6,1,20,5,31,0.2,"Rain,Thunderstorm"
5/18/16,78,71,64,93,77,60,10,10,4,15,7,23,0.16,"Rain,Thunderstorm"
5/19/16,76,69,61,100,84,68,10,5,1,15,5,29,2.25,"Rain,Thunderstorm"
5/20/16,83,73,62,93,74,55,10,9,5,8,3,13,0,""
5/21/16,83,77,70,87,81,74,10,10,8,9,4,16,0,""
5/22/16,87,80,72,93,82,70,10,10,6,14,5,22,T,""
5/23/16,85,78,71,93,84,74,10,9,2,14,7,22,0.01,"Rain"
5/24/16,87,81,74,87,76,65,10,10,10,13,8,22,0,""
5/25/16,86,82,77,88,81,74,10,8,5,13,6,22,0,""
5/26/16,90,79,68,93,76,59,10,8,5,16,7,28,0.52,"Rain,Thunderstorm"
5/27/16,77,71,65,100,87,74,10,8,2,12,6,21,0.35,"Rain,Thunderstorm"
5/28/16,91,78,65,100,79,57,10,6,0,13,5,19,0.02,"Fog,Rain,Thunderstorm"
5/29/16,88,79,70,100,78,55,10,8,3,14,6,21,0.18,"Rain,Thunderstorm"
5/30/16,89,78,66,93,67,40,10,8,2,13,5,19,0.31,"Rain,Thunderstorm"
5/31/16,82,75,67,100,85,69,10,8,1,14,3,22,1.07,"Rain,Thunderstorm"
6/1/16,87,78,68,97,75,53,10,6,1,10,2,16,0.19,"Rain"
6/2/16,84,76,68,100,76,51,10,7,1,10,4,18,0.36,"Rain,Thunderstorm"
6/3/16,85,75,65,93,74,55,10,6,1,10,3,16,1.61,"Rain,Thunderstorm"
6/4/16,86,77,67,100,76,51,10,9,2,13,5,20,0.1,"Rain"
6/5/16,88,78,68,97,66,34,10,10,10,14,6,22,0,""
6/6/16,90,80,70,68,53,38,10,10,10,13,4,20,0,""
6/7/16,92,81,69,84,64,44,10,10,10,8,2,14,0,""
6/8/16,92,81,70,93,71,49,10,10,7,12,3,18,0,""
6/9/16,92,82,71,93,73,52,10,10,6,20,5,34,0,""
6/10/16,91,80,69,97,77,56,10,10,9,10,3,14,0,""
6/11/16,93,85,76,88,72,56,10,9,5,12,6,19,0,""
6/12/16,94,86,77,91,74,56,10,10,8,14,6,22,0,""
6/13/16,94,85,76,91,76,60,10,10,10,12,5,18,0,""
6/14/16,94,86,78,85,71,56,10,10,8,12,6,21,0,""
6/15/16,96,87,78,85,66,46,10,8,6,13,7,23,0,""
6/16/16,96,86,75,94,71,48,10,9,6,14,6,22,0,""
6/17/16,97,87,76,94,70,46,10,10,9,10,6,19,0,""
6/18/16,96,86,76,88,67,46,10,9,7,10,4,16,0,""
6/19/16,94,86,77,85,67,49,10,10,10,12,4,17,0,""
6/20/16,95,85,75,87,65,43,10,10,10,9,4,17,0,""
6/21/16,96,86,75,87,66,45,10,10,10,9,4,16,0,""
6/22/16,96,86,76,94,72,49,10,10,3,13,6,22,0,""
6/23/16,95,85,75,94,70,46,10,10,10,14,6,22,0,""
6/24/16,93,84,75,94,73,52,10,10,10,13,6,20,0,""
6/25/16,88,83,77,94,81,68,10,10,7,10,5,16,0.02,"Rain,Thunderstorm"
6/26/16,95,86,76,100,73,46,10,9,5,13,5,19,0,""
6/27/16,96,86,75,87,65,42,10,10,10,8,2,15,0,""
6/28/16,101,87,72,100,69,37,10,9,1,26,3,39,0.33,"Rain,Thunderstorm"
6/29/16,96,84,71,93,66,39,10,10,10,9,2,13,0,""
6/30/16,94,85,76,88,65,41,10,10,10,10,4,17,0,""
7/1/16,96,85,74,93,70,46,10,10,8,10,5,17,0,""
7/2/16,98,87,76,88,67,45,10,10,9,14,7,23,0,""
7/3/16,98,88,78,85,67,48,10,10,10,15,8,25,0,""
7/4/16,99,90,80,85,62,39,10,10,10,14,8,24,0,""
7/5/16,99,89,79,85,65,45,10,9,0,16,8,26,0,""
7/6/16,100,90,79,91,68,45,10,10,10,16,8,28,0,""
7/7/16,99,89,79,85,64,42,10,10,5,16,9,26,0,""
7/8/16,100,90,79,85,64,42,10,10,10,14,7,23,0,""
7/9/16,99,89,78,91,65,39,10,10,8,13,7,23,0,""
7/10/16,97,87,77,91,67,42,10,9,6,14,6,25,0.04,"Rain,Thunderstorm"
7/11/16,100,90,79,85,60,35,10,10,9,17,9,31,0,""
7/12/16,100,89,77,88,64,39,10,10,10,17,9,28,0,""
7/13/16,101,91,80,85,64,42,10,10,10,15,8,25,0,""
7/14/16,101,89,77,88,64,40,10,10,10,17,8,24,0,""
7/15/16,101,90,78,91,62,33,10,10,9,13,7,22,0,""
7/16/16,100,88,76,94,66,38,10,10,9,12,5,20,0,""
7/17/16,99,88,76,88,63,38,10,10,10,12,7,20,0,""
7/18/16,99,89,78,91,65,39,10,10,10,14,5,23,0,""
7/19/16,100,89,77,85,64,42,10,10,10,15,5,24,0,""
7/20/16,101,89,77,88,62,35,10,10,10,13,5,22,0,""
7/21/16,101,89,76,87,60,33,10,10,10,12,4,20,0,""
7/22/16,102,89,76,87,59,31,10,10,10,12,4,17,0,""
7/23/16,101,90,78,85,60,35,10,10,10,13,6,21,0,""
7/24/16,101,90,78,91,64,37,10,10,10,13,5,21,0,""
7/25/16,102,89,76,94,66,37,10,9,2,21,3,33,0.76,"Rain,Thunderstorm"
7/26/16,93,84,75,100,76,52,10,7,1,9,2,17,0.08,"Rain,Thunderstorm"
7/27/16,92,83,74,100,78,55,10,6,0,16,3,26,1.06,"Fog,Rain,Thunderstorm"
7/28/16,97,86,75,94,70,46,10,10,8,22,3,30,0,"Thunderstorm"
7/29/16,96,85,74,91,67,43,10,10,10,9,4,17,0,""
7/30/16,97,87,76,100,71,42,10,10,10,12,5,18,0,""
7/31/16,98,88,78,91,66,40,-,-,-,13,6,21,0,""
8/1/16,99,87,75,94,62,29,10,10,10,13,6,22,0,""
8/2/16,98,87,75,94,67,39,10,10,10,12,5,19,0,""
8/3/16,99,88,76,94,68,42,10,10,10,10,4,18,0,""
8/4/16,99,88,76,88,65,42,10,10,10,12,5,20,0,""
8/5/16,100,89,77,91,67,42,10,10,10,12,5,18,0,""
8/6/16,100,89,77,88,63,38,10,10,10,12,4,18,0,""
8/7/16,100,89,77,91,65,39,10,10,10,12,6,19,0,""
8/8/16,100,89,78,91,65,39,10,10,10,10,5,20,0,""
8/9/16,102,91,79,91,66,40,10,10,10,13,6,20,0,""
8/10/16,102,92,81,91,64,37,10,10,10,12,5,20,0,""
8/11/16,102,90,78,91,64,37,10,10,10,12,5,21,0,""
8/12/16,105,92,79,91,63,35,10,10,9,15,5,24,0,""
8/13/16,96,87,77,94,73,52,10,10,7,13,3,19,0.1,"Rain,Thunderstorm"
8/14/16,84,78,71,100,90,79,10,7,1,15,3,24,0.92,"Rain,Thunderstorm"
8/15/16,76,74,71,100,97,93,10,5,1,7,2,12,2.35,"Rain"
8/16/16,83,77,71,100,90,79,10,6,0,10,3,16,1.79,"Fog,Rain,Thunderstorm"
8/17/16,84,80,75,100,90,79,10,8,1,12,3,16,0.3,"Rain,Thunderstorm"
8/18/16,88,81,74,100,84,68,10,9,1,12,2,18,0.17,"Rain"
8/19/16,93,84,75,100,76,52,10,9,2,10,5,19,0.06,"Rain"
8/20/16,83,78,73,94,87,79,10,8,1,10,4,17,0.74,"Rain,Thunderstorm"
8/21/16,82,78,73,100,87,74,10,9,4,8,2,14,0.11,"Rain"
8/22/16,91,83,75,94,75,56,10,9,2,13,4,20,0.04,"Rain"
8/23/16,94,86,77,91,70,49,10,10,9,13,7,21,0,""
8/24/16,93,85,76,94,72,49,10,10,5,13,6,21,0,""
8/25/16,94,84,74,100,75,49,10,10,7,13,2,17,0.04,""
8/26/16,93,84,75,94,73,52,10,10,10,13,3,20,0,""
8/27/16,92,82,72,93,73,52,10,10,9,12,3,19,0,""
8/28/16,92,83,73,91,72,52,10,9,1,12,3,22,0.16,"Rain"
8/29/16,91,82,73,94,75,56,10,9,3,16,5,25,0.06,"Rain"
8/30/16,92,83,73,94,73,52,10,10,10,12,4,16,0,""
8/31/16,94,84,74,100,75,49,10,10,8,9,2,14,0.09,"Rain"
9/1/16,96,86,75,94,70,46,10,10,8,10,4,15,0,""
9/2/16,92,84,75,87,73,59,10,10,8,9,3,17,0,""
9/3/16,92,83,73,94,73,52,10,9,5,10,3,17,T,""
9/4/16,93,84,75,94,73,52,10,9,6,13,3,19,0.01,"Rain,Thunderstorm"
9/5/16,94,84,73,94,77,59,10,10,9,14,5,19,T,"Rain,Thunderstorm"
9/6/16,95,86,77,97,79,60,10,10,5,17,6,25,0.01,"Rain,Thunderstorm"
9/7/16,96,87,78,97,75,52,10,10,8,13,6,20,0,""
9/8/16,95,86,77,91,70,49,10,10,10,12,6,20,0,""
9/9/16,95,86,77,94,72,49,10,10,10,13,6,20,0,""
9/10/16,93,82,71,94,68,41,10,9,2,18,6,31,0.05,"Rain"
9/11/16,93,81,69,84,64,44,10,10,10,7,2,10,0,""
9/12/16,93,82,70,93,70,47,10,10,10,10,3,15,0,""
9/13/16,94,84,74,100,73,46,10,10,6,9,3,15,T,"Rain"
9/14/16,92,84,76,82,66,49,10,10,9,14,3,18,T,"Rain"
9/15/16,94,83,72,93,70,46,10,10,3,12,3,17,0,""
9/16/16,95,85,75,94,69,44,10,10,10,9,2,12,0,""
9/17/16,96,85,75,90,67,46,10,10,10,7,1,-,0,""
9/18/16,98,87,75,94,70,45,10,10,10,8,2,12,0,""
9/19/16,99,88,76,94,68,42,10,10,10,10,3,16,0,""
9/20/16,99,87,75,94,66,38,10,10,10,10,3,17,0,""
9/21/16,96,86,75,91,62,33,10,10,7,10,2,13,0,""
9/22/16,94,82,70,84,64,44,10,10,10,14,5,18,0,""
9/23/16,93,85,76,94,73,52,10,9,2,14,5,20,0.03,"Rain"
9/24/16,97,87,77,94,72,49,10,10,4,15,5,23,0.01,"Rain,Thunderstorm"
9/25/16,88,79,70,100,83,65,10,9,0,13,4,21,0.76,"Fog,Rain,Thunderstorm"
9/26/16,73,70,67,100,89,78,10,7,1,13,6,20,1.22,"Rain"
9/27/16,80,74,67,87,71,54,10,10,10,9,3,13,0,""
9/28/16,89,77,65,93,61,29,10,10,10,8,1,11,0,""
9/29/16,86,75,63,87,61,34,10,10,10,12,5,21,0,""
9/30/16,83,72,60,73,54,34,10,10,10,8,2,12,0,""
10/1/16,80,70,59,87,65,42,10,10,10,7,1,13,T,""
10/2/16,85,72,58,93,65,37,10,10,10,8,2,11,0,""
10/3/16,87,75,62,90,66,42,10,10,9,10,3,14,0,""
10/4/16,91,81,70,90,69,47,10,10,8,12,5,20,0,""
10/5/16,92,84,75,94,72,49,10,10,10,13,5,21,0,""
10/6/16,92,84,76,94,71,47,10,10,10,16,5,23,T,""
10/7/16,89,76,63,94,74,53,10,10,7,16,5,26,T,"Rain"
10/8/16,86,74,61,90,69,48,10,10,10,9,5,16,0,""
10/9/16,84,71,58,73,49,24,10,10,10,8,4,14,0,""
10/10/16,84,68,52,83,53,23,10,10,10,7,1,11,0,""
10/11/16,88,71,53,83,57,30,10,10,10,9,1,13,0,""
10/12/16,91,76,61,84,66,47,10,10,10,10,3,17,0,""
10/13/16,89,79,68,94,73,51,10,10,4,12,2,16,0.17,"Rain"
10/14/16,87,77,67,100,74,48,10,7,0,14,3,24,T,"Fog,Rain"
10/15/16,91,81,71,93,70,47,10,10,10,12,4,21,0,""
10/16/16,94,85,75,87,66,44,10,10,10,14,5,20,0,""
10/17/16,94,84,74,93,69,44,10,10,10,12,6,23,0,""
10/18/16,93,84,75,87,67,47,10,10,10,13,6,22,0,""
10/19/16,92,84,75,94,71,47,10,10,10,12,5,18,0,""
10/20/16,83,74,65,93,60,26,10,10,10,17,7,29,0,""
10/21/16,77,65,53,71,50,28,10,10,10,9,3,15,0,""
10/22/16,80,64,47,86,57,27,10,10,10,9,2,16,0,""
10/23/16,84,70,55,86,63,39,10,10,10,13,3,19,T,"Rain,Thunderstorm"
10/24/16,86,77,67,93,71,48,10,10,10,10,4,16,T,""
10/25/16,86,77,67,100,72,44,10,8,1,10,3,17,0,""
10/26/16,87,76,64,93,69,44,10,10,10,10,2,14,0,""
10/27/16,88,76,64,93,68,43,10,10,10,9,3,14,0,""
10/28/16,86,74,61,90,67,44,10,10,10,12,2,16,0,""
10/29/16,86,75,64,93,68,42,10,10,8,12,2,21,0,""
10/30/16,87,76,65,100,67,34,10,10,8,10,2,14,0,""
10/31/16,86,73,60,100,72,44,10,8,0,12,3,17,0,"Fog"
11/1/16,91,81,71,100,72,44,10,9,1,15,5,22,0.33,"Rain,Thunderstorm"
11/2/16,88,81,73,100,78,55,10,9,5,12,6,17,0.01,"Rain"
11/3/16,80,74,68,93,84,74,10,8,0,16,5,25,1.07,"Fog,Rain,Thunderstorm"
11/4/16,73,71,68,93,89,84,10,9,6,8,4,11,0,""
11/5/16,72,68,63,100,91,81,10,6,1,7,2,12,0.24,"Rain"
11/6/16,76,68,59,93,85,76,10,10,5,12,2,20,0.07,"Rain"
11/7/16,71,66,61,100,94,87,10,5,1,7,2,12,0.08,"Rain"
11/8/16,69,66,62,100,92,84,10,8,2,10,4,16,0.49,"Rain,Thunderstorm"
11/9/16,65,63,60,100,94,87,10,6,1,10,6,17,0.17,"Rain"
11/10/16,71,64,56,90,72,53,10,10,8,8,3,12,0,""
11/11/16,74,65,55,100,79,57,10,8,2,8,2,12,T,"Rain"
11/12/16,77,67,57,93,72,50,10,8,1,9,4,13,0,""
11/13/16,76,65,54,93,75,57,10,10,9,7,2,12,0,""
11/14/16,82,69,56,100,74,48,10,6,0,9,2,16,0,"Fog"
11/15/16,86,73,59,87,60,32,10,10,10,8,2,14,0,""
11/16/16,86,71,55,86,58,30,10,10,10,9,3,18,0,""
11/17/16,82,70,58,100,74,47,10,9,1,15,7,26,0,""
11/18/16,79,66,52,90,62,34,10,10,10,17,7,29,T,"Rain"
11/19/16,63,52,41,67,46,25,10,10,10,13,5,22,0,""
11/20/16,67,51,35,85,55,24,10,10,10,10,2,15,0,""
11/21/16,77,61,44,84,64,43,10,10,10,13,5,21,0,""
11/22/16,76,69,62,97,83,69,10,9,2,13,5,23,0.49,"Rain,Thunderstorm"
11/23/16,73,62,51,100,71,41,10,9,2,14,3,24,0.13,"Rain"
11/24/16,76,61,46,93,70,46,10,10,10,8,1,12,0,""
11/25/16,66,61,55,97,87,77,10,10,6,10,4,14,0.03,"Rain"
11/26/16,70,62,53,83,69,55,10,10,10,7,2,9,0,""
11/27/16,76,66,56,86,75,64,10,10,10,14,6,26,0,""
11/28/16,79,65,51,84,53,21,10,10,10,17,6,28,0,""
11/29/16,79,64,49,80,53,25,10,10,10,8,3,12,0,""
11/30/16,67,55,42,66,45,24,10,10,10,13,4,20,0,""
12/1/16,69,53,37,85,56,27,10,10,10,12,3,16,0,""
12/2/16,64,58,51,90,77,63,10,10,5,10,4,17,0.22,"Rain"
12/3/16,52,51,49,100,95,89,10,6,2,12,6,21,1.29,"Rain"
12/4/16,53,51,49,93,88,83,10,8,2,13,6,19,0.37,"Rain"
12/5/16,52,50,47,100,95,89,10,5,1,10,3,17,0.63,"Rain"
12/6/16,58,51,43,100,84,67,10,8,0,17,4,27,0,"Fog"
12/7/16,56,48,39,100,86,72,10,7,2,13,3,19,0,""
12/8/16,52,44,36,83,68,52,10,10,9,21,10,32,0,""
12/9/16,46,40,33,56,45,34,10,10,10,12,5,18,0,""
12/10/16,52,44,35,96,75,54,10,8,2,9,3,15,0,""
12/11/16,67,59,50,100,91,81,10,5,0,14,4,25,0.02,"Fog,Rain"
12/12/16,67,57,46,93,73,52,10,10,10,10,3,17,0,""
12/13/16,77,64,50,100,73,46,10,7,1,14,4,22,0,""
12/14/16,57,50,43,89,78,66,10,10,7,12,4,17,0,""
12/15/16,54,50,45,92,78,63,10,7,2,12,5,20,0,""
12/16/16,67,59,51,96,82,68,10,8,2,12,5,21,0,""
12/17/16,76,55,34,100,80,59,10,6,2,21,6,35,0,""
12/18/16,37,32,26,58,48,38,10,10,10,21,12,35,0,""
12/19/16,45,34,23,59,42,24,10,10,10,13,5,21,0,""
12/20/16,59,47,35,59,40,20,10,10,10,7,2,11,0,""
12/21/16,71,57,43,55,41,27,10,10,10,12,4,19,0,""
12/22/16,68,59,50,63,48,32,10,10,9,12,4,19,0,""
12/23/16,68,60,52,100,74,47,10,6,0,7,1,10,0.01,"Fog,Rain"
12/24/16,78,72,65,100,85,69,10,9,5,17,7,28,T,""
12/25/16,80,74,68,90,74,58,10,10,10,17,9,32,0,""
12/26/16,84,77,70,93,74,55,10,10,7,12,4,20,T,"Rain"
12/27/16,76,69,62,97,72,46,10,10,10,7,1,11,T,""
12/28/16,83,73,62,93,72,51,10,9,4,12,3,20,0,""
12/29/16,70,60,49,84,51,18,10,10,10,18,9,30,0,""
12/30/16,55,52,49,48,38,27,10,10,10,12,4,16,T,""
12/31/16,77,64,51,90,70,50,10,10,4,10,3,18,T,"Rain"